EmpId,ProjectID,DateFrom,DateTo
1001,10,29-08-19,
1002,10,12-12-22,28-05-23
1003,10,08-03-23,15-03-23
1004,10,29-05-20,05-03-21
1005,10,16-09-22,
1006,10,15-08-21,20-11-21
1007,10,25-10-20,26-09-21
1008,10,28-08-19,04-05-20
1009,10,13-06-19,12-01-23
1010,10,12-01-21,18-03-22
1011,10,07-02-22,12-02-23
1012,10,09-11-20,06-06-21
1013,10,13-05-20,
1014,10,31-12-22,13-07-23
1015,10,03-12-18,
1016,10,21-02-20,29-05-21
1017,10,07-09-20,15-12-21
1018,10,19-06-20,08-12-21
1019,10,14-10-22,28-07-23
1020,10,20-06-23,18-07-23
1021,10,09-11-20,17-07-23
1022,10,19-09-22,
1023,10,09-11-18,10-10-21
1024,10,30-12-18,23-06-21
1025,10,11-05-23,15-05-23
1026,10,03-11-22,09-02-23
1027,10,14-06-20,29-05-21
1028,10,15-10-19,01-01-23
1029,10,28-04-20,
1030,10,29-10-19,
1031,10,28-04-21,
1032,10,19-04-22,26-08-22
1033,10,28-03-23,
1034,10,06-05-19,
1035,10,13-10-20,
1036,10,06-07-21,25-11-21
1037,10,24-09-20,02-11-20
1038,10,18-01-23,
1039,10,22-08-19,25-03-22
1040,10,25-07-19,17-12-22
1041,10,11-11-19,10-01-20
1042,10,16-07-22,
1043,10,19-12-22,10-05-23
1044,10,15-09-20,
1045,10,04-10-20,27-02-23
1046,10,23-04-22,03-08-22
1047,10,27-11-21,
1048,10,29-11-19,
1049,10,30-05-19,19-12-20
1050,10,23-11-20,
1051,10,08-04-22,11-01-23
1052,10,25-02-21,04-06-21
1053,10,13-03-19,07-04-21
1054,10,12-02-23,
1055,10,08-09-18,
1056,10,18-11-21,
1057,10,01-07-23,
1058,10,18-04-22,
1059,10,29-04-23,
1060,10,10-10-18,25-12-18
1061,10,20-11-22,
1062,10,18-05-19,14-01-20
1063,10,22-06-21,
1064,10,30-03-22,13-04-22
1065,10,28-08-18,
1066,10,27-12-21,05-01-23
1067,10,14-11-20,
1068,10,01-10-21,
1069,10,13-10-18,28-05-23
1070,10,15-12-18,28-05-22
1071,10,28-03-19,17-10-20
1072,10,27-12-18,
1073,10,11-05-19,
1074,10,19-02-21,24-02-23
1075,10,05-11-22,16-04-23
1076,10,22-03-20,28-09-20
1077,10,02-02-19,
1078,10,24-02-20,16-06-21
1079,10,07-04-21,01-05-22
1080,10,14-11-20,
1081,10,17-01-22,10-08-22
1082,10,02-09-21,27-06-23
1083,10,30-07-23,
1084,10,27-06-23,
1085,10,27-03-22,
1086,10,12-08-22,20-10-22
1087,10,08-07-22,04-08-23
1088,10,15-08-20,23-01-21
1089,10,27-05-23,14-06-23
1090,10,02-01-23,
1091,10,16-11-18,03-04-21
1092,10,12-07-22,
1093,10,16-12-22,
1094,10,08-05-23,
1095,10,07-04-23,
1096,10,15-02-22,19-10-22
1097,10,17-07-23,03-08-23
1098,10,03-05-19,02-06-23
1099,10,25-03-22,22-04-22
1100,10,07-04-20,
1101,10,10-03-21,
1102,10,04-08-19,
1103,10,11-04-21,27-05-23
1104,10,16-06-19,
1105,10,08-10-20,04-12-22
1106,10,18-08-21,
1107,10,16-03-20,
1108,10,24-01-19,
1109,10,11-06-22,25-09-22
1110,10,02-07-22,
1111,10,08-09-19,29-08-20
1112,10,10-07-22,
1113,10,24-04-22,
1114,10,31-03-20,
1115,10,23-03-19,
1116,10,09-03-19,12-07-23
1117,10,21-02-19,06-03-19
1118,10,04-10-19,26-11-22
1119,10,24-11-19,20-12-20
1120,10,17-08-20,
1121,10,16-03-21,
1122,10,16-11-21,26-08-22
1123,10,03-05-22,
1124,10,24-12-19,11-11-22
1125,10,21-10-21,
1126,10,08-09-18,06-03-20
1127,10,26-02-19,
1128,10,21-04-23,
1129,10,19-09-19,23-10-21
1130,10,23-12-20,
1131,10,29-03-19,
1132,10,15-05-21,03-05-23
1133,10,14-03-22,02-10-22
1134,10,06-12-21,08-01-22
1135,10,27-10-21,
1136,10,01-04-23,
1137,10,29-05-19,
1138,10,12-07-19,12-07-22
1139,10,10-08-18,21-02-22
1140,10,29-09-21,
1141,10,05-08-21,
1142,10,02-08-23,
1143,10,02-09-18,28-07-21
1144,10,13-10-19,
1145,10,24-09-20,
1146,10,06-08-23,
1147,10,11-06-19,27-02-22
1148,10,14-02-19,
1149,10,17-03-22,
1150,10,05-08-20,
1151,10,23-08-22,
1152,10,12-01-23,
1153,10,14-04-20,10-09-21
1154,10,27-09-21,05-02-23
1155,10,17-11-18,12-03-20
1156,10,22-07-19,28-02-23
1157,10,10-02-19,
1158,10,22-11-18,19-07-20
1159,10,23-04-23,
1160,10,26-12-22,23-05-23
1161,10,14-06-20,
1162,10,29-03-22,20-05-23
1163,10,18-12-22,
1164,10,21-03-19,
1165,10,08-02-21,
1166,10,06-06-22,
1167,10,01-11-21,
1168,10,19-01-23,
1169,10,30-07-20,
1170,10,16-07-23,
1171,10,16-06-22,
1172,10,13-06-21,27-05-22
1173,10,14-11-20,01-11-21
1174,10,16-06-20,13-03-23
1175,10,20-12-18,24-12-20
1176,10,29-10-22,
1177,10,20-07-20,
1178,10,03-10-21,19-12-21
1179,10,16-07-22,
1180,10,30-06-20,
1181,10,13-06-21,
1182,10,29-12-20,24-10-22
1183,10,03-02-22,
1184,10,10-01-22,11-05-23
1185,10,13-12-18,
1186,10,03-03-21,
1187,10,04-07-21,
1188,10,06-02-20,21-07-21
1189,10,28-06-20,11-07-22
1190,10,22-12-20,20-11-21
1191,10,24-11-19,
1192,10,23-09-22,
1193,10,06-02-20,23-01-22
1194,10,14-01-19,06-08-21
1195,10,25-06-19,15-05-22
1196,10,09-03-19,
1197,10,13-06-20,
1198,10,22-01-19,
1199,10,12-12-20,
1200,10,27-04-22,
1201,10,11-04-22,26-09-22
1202,10,01-09-22,02-12-22
1203,10,08-09-18,
1204,10,24-11-22,05-08-23
1205,10,23-07-20,
1206,10,28-12-18,15-05-23
1207,10,01-10-19,
1208,10,17-08-19,25-10-19
1209,10,31-05-23,
1210,10,08-12-20,10-06-23
1211,10,05-11-18,23-03-23
1212,10,26-08-20,05-04-23
1213,10,23-02-20,
1214,10,12-02-22,
1215,10,13-02-20,
1216,10,15-02-23,09-03-23
1217,10,03-12-19,31-08-21
1218,10,31-12-18,
1219,10,16-01-20,09-02-21
1220,10,20-11-18,09-02-20
1221,10,11-11-22,03-07-23
1222,10,18-12-20,23-07-21
1223,10,26-01-21,
1224,10,26-11-21,24-05-22
1225,10,15-05-23,
1226,10,20-06-23,
1227,10,22-08-19,06-06-22
1228,10,30-08-21,
1229,10,27-01-20,
1230,10,04-03-22,
1231,10,07-03-20,
1232,10,19-03-20,
1233,10,23-07-22,
1234,10,18-10-19,03-10-21
1235,10,14-04-20,
1236,10,25-11-18,25-07-19
1237,10,23-03-21,26-08-22
1238,10,27-10-20,08-11-21
1239,10,11-06-22,29-06-23
1240,10,19-03-20,
1241,10,07-11-19,07-12-22
1242,10,24-04-23,
1243,10,04-06-20,
1244,10,23-05-22,
1245,10,17-05-19,
1246,10,28-09-18,25-04-21
1247,10,04-03-19,
1248,10,29-03-21,01-12-21
1249,10,07-07-19,14-02-20
1250,10,06-09-18,
1251,10,25-09-18,
1252,10,11-03-22,25-04-22
1253,10,13-07-20,06-10-21
1254,10,22-06-20,
1255,10,30-09-19,02-03-21
1256,10,08-01-20,
1257,10,16-10-21,
1258,10,29-06-22,
1259,10,01-05-22,24-04-23
1260,10,16-08-18,
1261,10,27-12-19,
1262,10,01-07-21,28-03-23
1263,10,20-10-22,
1264,10,15-02-19,
1265,10,17-01-22,25-07-22
1266,10,14-11-21,01-07-22
1267,10,14-11-20,22-12-20
1268,10,25-02-23,
1269,10,23-08-22,
1270,10,01-05-19,31-12-19
1271,10,26-04-20,
1272,10,08-02-21,15-07-22
1273,10,29-10-20,26-01-21
1274,10,22-11-22,
1275,10,11-10-22,
1276,10,28-12-19,
1277,10,11-04-19,
1278,10,26-10-20,
1279,10,09-07-21,27-01-23
1280,10,12-01-22,
1281,10,07-08-20,20-07-21
1282,10,10-04-21,19-11-22
1283,10,11-01-21,
1284,10,08-12-19,
1285,10,26-09-21,
1286,10,09-09-21,28-10-21
1287,10,19-09-20,20-02-23
1288,10,11-01-22,26-10-22
1289,10,18-07-19,
1290,10,13-04-21,
1291,10,17-06-23,27-07-23
1292,10,27-10-18,
1293,10,01-06-21,29-04-23
1294,10,07-04-23,07-05-23
1295,10,13-06-21,
1296,10,13-03-19,12-09-20
1297,10,24-05-19,09-10-21
1298,10,25-02-23,
1299,10,24-03-20,
1300,10,12-06-21,
1301,10,22-03-19,23-03-22
1302,10,08-03-21,17-12-22
1303,10,15-05-20,
1304,10,24-01-23,
1305,10,06-01-21,30-12-22
1306,10,16-04-21,
1307,10,22-09-21,25-10-21
1308,10,28-06-22,07-03-23
1309,10,17-08-20,
1310,10,03-04-23,21-07-23
1311,10,26-05-23,12-06-23
1312,10,10-04-21,
1313,10,18-04-23,
1314,10,13-10-21,21-06-23
1315,10,10-10-20,
1316,10,20-01-19,15-09-21
1317,10,09-05-21,27-10-22
1318,10,29-07-23,04-08-23
1319,10,24-08-19,14-12-22
1320,10,25-12-18,
1321,10,27-05-21,24-08-21
1322,10,02-02-23,23-06-23
1323,10,06-12-22,
1324,10,23-07-21,
1325,10,16-11-19,
1326,10,08-03-20,07-11-21
1327,10,14-01-19,
1328,10,29-02-20,23-09-21
1329,10,25-11-22,12-04-23
1330,10,15-09-22,05-05-23
1331,10,11-08-21,
1332,10,03-08-23,
1333,10,14-03-22,
1334,10,01-09-20,29-11-20
1335,10,31-10-21,
1336,10,26-02-20,30-03-23
1337,10,10-08-18,07-12-21
1338,10,30-09-20,
1339,10,01-04-21,14-08-22
1340,10,21-03-21,21-11-21
1341,10,03-11-21,
1342,10,22-06-19,26-08-19
1343,10,12-11-19,19-05-23
1344,10,20-09-22,
1345,10,27-01-23,
1346,10,21-02-21,22-08-22
1347,10,04-03-22,18-01-23
1348,10,21-04-19,02-12-20
1349,10,02-08-21,26-11-22
1350,10,04-03-22,
1351,10,28-03-21,
1352,10,08-08-18,01-06-23
1353,10,15-09-20,06-01-22
1354,10,28-10-20,27-02-22
1355,10,16-06-21,23-11-21
1356,10,20-03-23,21-06-23
1357,10,07-09-18,16-07-21
1358,10,08-11-18,28-10-22
1359,10,26-01-19,
1360,10,30-08-21,
1361,10,08-03-23,30-03-23
1362,10,10-11-19,03-12-20
1363,10,28-07-23,
1364,10,03-04-19,05-08-19
1365,10,24-07-19,
1366,10,29-04-22,11-12-22
1367,10,06-10-20,
1368,10,04-04-20,
1369,10,26-03-21,
1370,10,19-05-22,
1371,10,28-08-21,16-10-21
1372,10,24-11-22,
1373,10,12-01-22,11-11-22
1374,10,07-07-19,
1375,10,14-07-21,
1376,10,03-12-19,10-02-22
1377,10,03-03-21,10-07-21
1378,10,13-06-22,
1379,10,23-01-23,
1380,10,06-09-20,
1381,10,17-10-22,
1382,10,07-06-19,
1383,10,28-01-22,16-09-22
1384,10,01-07-20,05-03-21
1385,10,30-05-20,
1386,10,05-10-19,04-02-23
1387,10,06-11-21,20-04-23
1388,10,09-05-19,07-05-20
1389,10,28-10-19,
1390,10,11-01-19,
1391,10,02-04-20,
1392,10,07-06-19,15-08-19
1393,10,22-11-21,23-11-22
1394,10,19-01-19,
1395,10,17-12-21,26-12-21
1396,10,04-05-19,15-02-21
1397,10,25-12-18,11-03-19
1398,10,03-01-21,08-03-23
1399,10,15-06-23,
1400,10,29-08-18,09-02-23
1401,10,04-01-19,
1402,10,10-09-21,
1403,10,08-07-21,
1404,10,01-11-18,29-04-21
1405,10,08-12-18,11-06-22
1406,10,25-10-22,
1407,10,04-04-23,
1408,10,17-03-21,
1409,10,11-03-19,06-09-21
1410,10,25-02-22,28-04-23
1411,10,02-07-19,
1412,10,20-06-19,
1413,10,27-09-19,08-02-23
1414,10,15-11-22,26-07-23
1415,10,22-08-20,
1416,10,09-04-20,
1417,10,30-03-21,
1418,10,26-09-18,
1419,10,22-05-23,
1420,10,04-06-21,
1421,10,22-10-19,25-07-23
1422,10,04-10-19,18-10-20
1423,10,25-06-22,
1424,10,17-11-21,03-08-22
1425,10,04-08-19,
1426,10,08-03-22,12-11-22
1427,10,22-02-19,
1428,10,08-12-22,
1429,10,22-11-19,12-03-22
1430,10,13-02-23,03-03-23
1431,10,15-03-19,
1432,10,18-07-19,
1433,10,09-04-21,28-11-21
1434,10,30-12-18,30-03-23
1435,10,30-07-21,
1436,10,28-10-22,
1437,10,29-10-20,
1438,10,17-03-23,22-03-23
1439,10,20-07-22,26-04-23
1440,10,04-08-23,
1441,10,26-11-21,23-09-22
1442,10,27-09-18,
1443,10,04-08-19,
1444,10,03-10-19,
1445,10,05-09-21,29-09-22
1446,10,21-07-20,28-02-23
1447,10,12-12-22,26-06-23
1448,10,13-09-20,
1449,10,15-11-22,
1450,10,07-02-20,20-04-22
1451,10,31-12-22,
1452,10,26-03-19,
1453,10,22-03-23,
1454,10,23-12-22,25-12-22
1455,10,27-12-19,
1456,10,25-06-19,09-07-19
1457,10,23-11-18,
1458,10,17-01-21,
1459,10,08-09-21,
1460,10,24-02-21,18-06-22
1461,10,12-04-19,28-09-20
1462,10,13-07-23,
1463,10,05-10-20,
1464,10,27-01-19,
1465,10,17-12-20,20-11-21
1466,10,04-03-21,
1467,10,30-03-23,
1468,10,27-12-18,
1469,10,20-09-21,
1470,10,08-02-23,
1471,10,16-10-19,12-01-22
1472,10,31-08-21,
1473,10,25-09-20,
1474,10,01-02-23,03-02-23
1475,10,17-01-23,21-05-23
1476,10,07-12-19,02-09-20
1477,10,21-11-18,11-01-22
1478,10,15-02-21,18-07-23
1479,10,06-01-21,
1480,10,18-01-19,
1481,10,15-03-23,
1482,10,11-11-19,
1483,10,21-08-22,20-01-23
1484,10,05-05-20,
1485,10,05-03-21,02-04-23
1486,10,07-03-19,
1487,10,08-05-22,27-03-23
1488,10,21-08-20,30-05-22
1489,10,01-12-20,
1490,10,13-08-19,
1491,10,09-03-20,
1492,10,06-05-20,
1493,10,03-08-22,
1494,10,13-10-18,04-12-19
1495,10,04-07-21,
1496,10,30-04-19,04-05-20
1497,10,03-11-20,
1498,10,15-08-22,20-08-22
1499,10,26-02-22,16-10-22
1500,10,13-05-19,
1501,10,24-10-21,03-10-22
1502,10,10-05-21,10-04-23
1503,10,13-06-21,20-06-21
1504,10,04-11-19,28-07-21
1505,10,29-01-20,
1506,10,05-09-18,08-09-20
1507,10,21-07-21,
1508,10,20-05-23,
1509,10,16-05-22,
1510,10,15-03-21,
1511,10,26-06-23,30-07-23
1512,10,11-10-19,24-04-21
1513,10,21-12-19,
1514,10,15-07-22,
1515,10,26-09-18,
1516,10,16-10-22,
1517,10,02-12-21,25-04-22
1518,10,07-03-19,06-03-23
1519,10,02-05-23,26-07-23
1520,10,24-08-20,26-02-23
1521,10,08-12-20,07-09-21
1522,10,15-02-21,
1523,10,15-09-20,24-06-23
1524,10,16-03-23,
1525,10,14-11-21,07-10-22
1526,10,23-04-21,
1527,10,05-06-22,26-08-22
1528,10,19-11-22,
1529,10,14-04-23,
1530,10,13-12-22,
1531,10,11-03-23,09-04-23
1532,10,22-11-19,18-02-20
1533,10,13-03-21,19-11-21
1534,10,27-02-22,
1535,10,08-05-21,
1536,10,27-12-22,
1537,10,16-08-20,
1538,10,20-01-23,
1539,10,28-12-20,01-10-21
1540,10,18-02-21,
1541,10,16-01-21,
1542,10,07-04-22,
1543,10,11-07-19,04-05-21
1544,10,09-08-20,06-11-22
1545,10,20-09-18,
1546,10,21-01-20,19-05-21
1547,10,17-02-22,14-02-23
1548,10,11-06-19,
1549,10,05-05-22,
1550,10,19-09-18,12-08-20
1551,10,01-06-21,19-06-23
1552,10,05-07-23,11-07-23
1553,10,17-12-22,
1554,10,06-07-21,15-09-22
1555,10,27-03-19,
1556,10,08-05-23,
1557,10,12-12-18,24-12-20
1558,10,25-08-20,
1559,10,22-04-22,29-08-22
1560,10,20-12-21,02-12-22
1561,10,12-02-21,
1562,10,29-09-20,19-10-21
1563,10,10-09-22,09-02-23
1564,10,11-03-23,03-06-23
1565,10,28-04-22,12-03-23
1566,10,20-03-22,18-06-23
1567,10,04-03-22,29-07-22
1568,10,01-02-23,
1569,10,05-02-21,
1570,10,23-11-22,26-05-23
1571,10,24-05-21,
1572,10,28-09-21,09-10-22
1573,10,17-03-21,
1574,10,03-07-23,19-07-23
1575,10,11-08-19,10-07-21
1576,10,11-11-19,29-09-20
1577,10,15-12-20,
1578,10,06-05-21,08-04-23
1579,10,08-07-21,
1580,10,04-04-23,
1581,10,05-08-22,30-01-23
1582,10,06-04-20,08-12-21
1583,10,02-03-23,12-03-23
1584,10,09-04-20,
1585,10,17-09-22,10-07-23
1586,10,15-01-22,
1587,10,23-05-22,
1588,10,15-07-21,
1589,10,28-08-20,25-08-22
1590,10,09-09-21,
1591,10,10-02-23,23-05-23
1592,10,14-06-20,18-07-23
1593,10,05-12-20,
1594,10,16-07-22,
1595,10,09-06-23,
1596,10,02-03-20,25-05-20
1597,10,23-11-18,27-09-21
1598,10,27-05-19,19-06-23
1599,10,18-05-22,10-04-23
1600,10,06-11-18,
1601,10,29-03-22,24-07-23
1602,10,04-11-21,10-05-22
1603,10,27-04-23,
1604,10,08-03-20,
1605,10,27-04-19,08-10-20
1606,10,11-05-19,
1607,10,09-03-21,
1608,10,05-11-20,
1609,10,12-09-18,25-02-23
1610,10,09-11-19,18-11-19
1611,10,29-11-18,09-07-22
1612,10,03-07-22,22-02-23
1613,10,26-09-19,01-08-20
1614,10,23-12-22,
1615,10,19-01-23,
1616,10,01-10-18,
1617,10,18-02-22,
1618,10,09-12-21,
1619,10,01-01-19,23-09-21
1620,10,27-05-20,
1621,10,21-09-21,28-01-23
1622,10,30-08-21,22-03-22
1623,10,19-06-23,31-07-23
1624,10,12-05-23,16-05-23
1625,10,05-06-22,
1626,10,17-09-20,08-06-21
1627,10,15-05-23,
1628,10,15-12-18,14-11-19
1629,10,06-11-19,22-03-23
1630,10,25-04-21,25-10-22
1631,10,17-06-23,19-07-23
1632,10,14-01-22,
1633,10,22-10-18,13-03-19
1634,10,17-10-21,13-11-22
1635,10,19-10-21,10-04-23
1636,10,16-10-18,17-12-18
1637,10,26-04-20,21-07-20
1638,10,22-01-20,26-10-22
1639,10,30-03-22,21-07-22
1640,10,29-05-21,03-09-22
1641,10,09-03-23,30-05-23
1642,10,22-11-19,28-12-19
1643,10,07-04-19,22-12-20
1644,10,23-03-23,28-03-23
1645,10,18-02-21,28-10-22
1646,10,05-04-19,07-05-21
1647,10,23-10-19,09-07-22
1648,10,14-05-21,
1649,19,19-03-19,
1650,10,08-05-19,01-10-20
1651,10,05-10-19,21-05-23
1652,10,29-11-21,31-05-22
1653,10,06-11-18,26-12-19
1654,10,27-07-21,23-11-21
1655,10,18-07-23,
1656,10,04-09-22,
1657,10,24-05-19,
1658,10,03-11-19,
1659,10,26-11-19,19-03-21
1660,10,09-08-22,01-09-22
1661,10,19-03-19,
1662,10,25-11-18,
1663,10,10-04-22,03-04-23
1664,10,02-04-21,
1665,10,22-12-19,
1666,15,14-08-21,
1667,10,28-08-18,
1668,10,10-07-23,
1669,10,18-09-20,
1670,10,18-07-19,
1671,10,21-11-21,12-12-21
1672,10,08-03-21,
1673,10,21-08-19,
1674,10,30-04-22,09-06-23
1675,10,03-02-23,16-04-23
1676,10,08-05-23,
1677,15,29-07-22,
1678,10,18-11-20,22-05-21
1679,10,16-05-21,14-04-22
1680,10,25-10-19,16-10-20
1681,10,05-03-23,04-05-23
1682,10,01-06-21,
1683,10,22-01-22,25-07-22
1684,10,09-07-23,31-07-23
1685,10,11-11-18,27-05-19
1686,10,05-01-21,18-06-21
1687,10,25-11-22,
1688,15,30-03-20,21-07-23
1689,10,02-01-21,22-09-22
1690,10,26-02-19,26-07-19
1691,10,06-10-19,
1692,10,19-04-20,30-07-22
1693,10,24-12-22,
1694,10,09-04-21,29-05-21
1695,10,04-09-18,16-12-22
1696,10,07-11-21,
1697,10,24-05-23,21-07-23
1698,10,15-02-21,05-06-21
1699,10,03-11-21,19-08-22
1700,10,20-09-18,
1701,10,23-07-19,07-01-23
1702,10,12-05-22,
1703,10,03-10-18,
1704,10,26-11-20,
1705,10,04-10-18,
1706,10,02-12-20,25-02-23
1707,10,24-09-21,20-07-23
1708,10,10-09-20,22-05-21
1709,15,25-05-22,17-11-22
1710,10,15-02-19,09-12-19
1711,10,28-09-18,01-02-23
1712,10,12-12-18,
1713,10,01-12-21,
1714,10,12-01-22,
1715,10,27-10-20,28-09-22
1716,10,02-11-20,21-06-22
1717,10,24-04-21,28-02-23
1718,10,29-06-20,03-08-23
1719,10,15-07-21,
1720,10,20-06-23,
1721,10,22-09-19,10-11-22
1722,10,22-02-22,
1723,10,01-07-20,26-06-22
1724,10,13-05-21,11-12-21
1725,10,30-05-21,
1726,10,04-07-19,
1727,10,31-05-19,31-05-22
1728,10,13-03-20,
1729,10,06-01-20,24-12-20
1730,10,30-04-23,
1731,10,11-07-21,08-02-22
1732,10,02-07-21,13-12-21
1733,10,23-10-19,03-12-20
1734,10,19-01-19,
1735,10,08-01-21,14-01-23
1736,10,29-01-19,08-07-22
1737,10,27-10-18,
1738,10,30-05-23,05-07-23
1739,10,15-07-19,01-05-23
1740,10,17-03-20,02-08-21
1741,10,16-09-22,
1742,10,04-01-21,
1743,10,30-11-18,
1744,10,24-07-22,
1745,10,05-02-22,
1746,10,23-04-20,07-01-22
1747,10,23-06-23,10-07-23
1748,10,13-01-22,05-07-22
1749,10,26-11-20,
1750,10,07-12-18,
1751,10,19-04-23,
1752,10,05-03-22,08-04-22
1753,10,20-06-19,14-10-19
1754,10,13-09-22,
1755,10,02-01-19,
1756,10,06-06-22,
1757,10,09-01-20,
1758,10,03-01-19,
1759,10,23-01-21,23-10-22
1760,10,08-02-20,04-05-20
1761,10,29-10-21,02-08-22
1762,10,04-07-23,12-07-23
1763,10,06-04-23,
1764,10,17-01-23,
1765,10,17-10-19,
1766,10,22-06-19,01-05-21
1767,10,10-02-23,01-05-23
1768,10,13-10-22,02-05-23
1769,10,07-03-23,27-04-23
1770,10,12-09-18,
1771,10,27-06-20,
1772,10,28-12-18,28-01-22
1773,10,20-01-21,08-03-23
1774,10,14-09-19,06-02-23
1775,10,06-10-18,12-12-19
1776,10,03-08-21,01-11-22
1777,10,05-07-19,26-05-21
1778,10,25-04-19,
1779,10,15-07-23,
1780,10,10-12-22,11-02-23
1781,10,02-05-19,
1782,10,13-01-19,02-07-23
1783,10,09-06-21,
1784,10,02-08-23,02-08-23
1785,10,17-06-23,
1786,10,31-03-22,14-06-22
1787,10,06-04-19,15-08-20
1788,10,11-07-20,
1789,10,22-04-23,
1790,10,02-12-22,08-04-23
1791,10,06-03-21,26-04-23
1792,10,21-05-19,
1793,10,23-10-18,02-12-22
1794,10,26-05-21,
1795,10,01-12-19,08-06-20
1796,10,07-06-21,13-12-22
1797,10,13-10-20,09-11-22
1798,10,30-10-22,
1799,10,04-09-22,30-05-23
1800,10,18-10-19,19-04-21
1801,10,25-07-21,23-01-23
1802,10,31-03-20,
1803,10,11-11-19,02-08-23
1804,10,05-12-21,02-03-22
1805,10,17-12-18,03-09-22
1806,10,06-03-22,
1807,10,04-09-19,
1808,10,26-07-23,
1809,10,19-12-22,19-05-23
1810,10,17-08-21,
1811,10,11-06-22,
1812,10,01-10-21,18-06-23
1813,10,04-08-20,
1814,10,11-02-22,
1815,10,22-06-20,
1816,10,28-08-20,
1817,10,06-05-19,09-04-22
1818,10,08-07-21,
1819,10,02-07-22,
1820,10,04-05-23,
1821,10,19-12-22,
1822,10,26-03-22,
1823,10,09-05-21,12-11-22
1824,10,09-01-20,10-03-22
1825,10,16-05-21,14-05-23
1826,10,31-01-21,03-06-22
1827,10,19-09-21,14-09-22
1828,10,01-03-20,26-03-22
1829,10,29-02-20,
1830,10,08-12-18,
1831,10,26-06-22,15-06-23
1832,10,03-11-19,
1833,10,01-01-23,
1834,10,31-07-20,05-04-21
1835,10,10-09-21,19-07-22
1836,10,19-06-19,
1837,10,16-08-21,
1838,10,08-07-19,
1839,10,17-08-21,31-08-22
1840,10,08-01-21,
1841,10,14-08-18,
1842,10,30-07-21,
1843,10,08-04-23,
1844,10,11-09-19,
1845,10,05-03-20,22-08-21
1846,10,02-12-19,
1847,10,03-12-22,24-12-22
1848,10,23-12-21,
1849,10,28-01-22,
1850,10,15-12-19,25-06-21
1851,10,11-11-21,01-08-22
1852,10,15-02-19,28-07-23
1853,10,31-03-22,
1854,10,25-10-20,18-04-22
1855,10,25-07-22,26-04-23
1856,10,02-08-21,
1857,10,13-11-21,17-03-23
1858,10,07-05-19,27-11-19
1859,10,31-12-20,04-03-21
1860,10,10-12-19,07-03-20
1861,10,11-06-20,
1862,10,30-08-21,
1863,10,04-11-19,29-12-21
1864,10,03-06-23,18-07-23
1865,10,14-02-21,
1866,10,28-02-23,
1867,10,09-01-21,17-08-21
1868,10,22-03-22,15-05-23
1869,10,11-11-19,
1870,10,04-10-22,
1871,10,23-08-21,
1872,10,05-12-22,18-06-23
1873,10,20-07-19,28-08-19
1874,10,05-11-21,
1875,10,04-01-21,04-03-23
1876,10,14-10-22,02-03-23
1877,10,30-10-21,
1878,10,02-10-22,28-06-23
1879,10,25-11-18,14-06-20
1880,10,09-07-21,28-01-23
1881,10,01-05-19,
1882,10,09-11-21,13-01-23
1883,10,27-08-18,23-03-19
1884,10,16-03-19,
1885,10,07-01-22,
1886,10,04-10-22,05-03-23
1887,10,23-03-22,
1888,10,05-05-20,25-07-23
1889,10,23-11-20,
1890,10,28-03-22,
1891,10,25-03-20,
1892,10,07-08-18,
1893,10,11-02-20,
1894,10,01-01-23,
1895,10,07-12-22,
1896,10,13-03-23,
1897,10,14-11-21,
1898,10,05-06-19,20-10-20
1899,10,12-12-20,28-05-23
1900,10,06-04-20,
1901,10,30-01-23,
1902,10,08-09-20,19-09-22
1903,10,14-12-20,07-12-21
1904,10,07-11-22,
1905,10,06-04-22,
1906,10,22-02-21,
1907,10,16-05-22,
1908,10,18-01-20,
1909,10,21-10-21,
1910,10,05-01-19,
1911,10,24-01-21,27-01-22
1912,10,06-03-20,06-03-21
1913,10,19-11-22,15-02-23
1914,10,15-03-19,02-10-19
1915,10,11-05-23,05-07-23
1916,10,05-02-22,07-02-23
1917,10,29-05-19,
1918,10,09-01-23,14-03-23
1919,10,01-05-22,21-11-22
1920,10,26-01-21,06-08-21
1921,10,06-09-21,02-07-23
1922,10,29-07-20,
1923,10,31-03-23,30-04-23
1924,10,16-05-23,29-05-23
1925,10,29-04-23,07-07-23
1926,10,27-11-19,
1927,10,03-11-22,02-04-23
1928,10,08-08-22,
1929,10,27-07-23,
1930,10,15-07-23,
1931,10,09-11-22,
1932,10,24-12-19,12-06-22
1933,20,08-03-19,
1934,16,25-06-19,04-10-20
1935,10,03-01-19,
1936,16,02-02-23,
1937,16,30-03-22,30-01-23
1938,10,23-03-20,
1939,16,06-06-19,
1940,10,28-05-23,
1941,16,03-02-21,
1942,10,30-07-19,09-11-22
1943,16,08-05-22,17-11-22
1944,16,12-05-20,
1945,10,28-03-19,10-12-22
1946,16,22-07-19,
1947,16,17-09-20,
1948,16,02-07-22,09-08-22
1949,16,30-11-19,
1950,16,21-07-23,21-07-23
1951,10,26-08-20,30-05-21
1952,16,16-05-20,
1953,10,06-04-23,24-05-23
1954,10,18-02-19,31-10-22
1955,10,10-10-20,
1956,10,15-05-21,
1957,10,13-05-19,30-05-22
1958,10,04-07-19,
1959,10,01-04-22,28-04-22
1960,10,03-11-18,
1961,10,11-10-18,04-05-22
1962,10,25-06-23,25-07-23
1963,10,14-09-20,31-08-21
1964,10,20-12-22,11-03-23
1965,10,23-02-22,
1966,10,31-05-19,
1967,10,29-01-19,
1968,10,01-09-19,
1969,10,17-01-21,08-06-21
1970,10,21-04-22,21-04-22
1971,10,15-09-18,14-07-23
1972,10,04-12-21,07-01-22
1973,10,14-11-19,
1974,10,14-04-21,
1975,10,14-04-19,
1976,10,09-01-21,
1977,10,26-12-22,04-07-23
1978,10,05-10-21,02-07-23
1979,10,25-09-22,27-03-23
1980,10,10-11-21,
1981,10,08-04-21,16-07-23
1982,10,14-11-18,
1983,10,14-03-20,22-10-22
1984,10,24-06-20,
1985,10,19-03-23,04-04-23
1986,10,15-08-22,
1987,10,09-11-18,
1988,10,23-11-18,19-08-19
1989,10,25-02-20,
1990,10,16-05-20,18-05-22
1991,10,18-06-19,05-07-23
1992,10,20-05-19,30-03-21
1993,10,16-10-20,12-02-21
1994,10,01-07-22,03-11-22
1995,10,17-12-22,
1996,10,24-10-21,21-11-21
1997,10,28-02-19,11-10-19
1998,10,24-03-22,
1999,10,17-10-21,12-11-22
2000,10,13-05-22,12-09-22
2001,10,09-10-19,06-01-23
2002,10,12-10-18,21-07-23
2003,10,13-04-20,28-11-22
2004,10,25-04-21,
2005,10,21-12-18,16-11-22
2006,10,19-09-21,
2007,10,15-12-20,
2008,10,15-07-19,13-01-20
2009,10,17-11-21,
2010,10,04-02-23,24-06-23
2011,10,03-07-22,12-07-22
2012,10,24-01-20,14-09-22
2013,10,07-07-19,27-03-21
2014,10,13-03-22,
2015,10,02-06-23,
2016,10,08-04-21,
2017,10,02-12-19,
2018,10,09-03-22,18-05-23
2019,10,26-03-22,
2020,10,08-05-21,05-08-22
2021,10,29-11-22,
2022,10,24-05-19,
2023,10,29-01-22,23-04-22
2024,10,06-07-21,14-03-22
2025,10,29-01-21,12-02-23
2026,10,13-05-23,10-06-23
2027,10,22-05-19,
2028,10,30-09-21,14-11-21
2029,10,09-09-19,
2030,10,26-04-19,13-05-19
2031,10,19-02-22,05-04-23
2032,10,16-04-22,25-12-22
2033,10,12-05-22,
2034,10,26-08-21,03-08-23
2035,10,06-06-20,23-11-21
2036,10,26-06-22,
2037,10,09-01-21,14-05-22
2038,10,02-09-18,
2039,10,22-04-22,
2040,10,05-12-21,26-06-23
2041,10,13-09-22,
2042,10,24-11-19,
2043,10,19-03-20,
2044,10,14-09-22,
2045,10,21-09-21,
2046,10,22-05-20,
2047,10,13-12-22,
2048,10,07-02-22,
2049,10,06-10-20,
2050,10,11-01-22,16-12-22
2051,10,26-02-22,
2052,10,10-06-20,13-11-22
2053,10,27-09-21,
2054,10,25-10-18,15-10-21
2055,10,25-11-20,
2056,10,17-04-20,26-02-22
2057,10,15-04-21,
2058,10,17-04-22,03-06-22
2059,10,29-07-23,06-08-23
2060,10,26-01-23,
2061,10,12-12-18,
2062,10,25-10-18,
2063,10,20-05-21,
2064,10,28-08-20,26-12-20
2065,10,10-05-20,
2066,10,04-08-23,04-08-23
2067,10,22-04-22,
2068,10,05-06-21,
2069,10,29-06-22,
2070,10,02-07-22,
2071,10,04-01-23,
2072,10,08-07-23,
2073,10,03-03-23,06-08-23
2074,10,19-08-19,
2075,10,30-10-18,
2076,10,07-12-21,02-01-23
2077,10,18-11-20,13-02-21
2078,10,26-09-18,15-10-19
2079,10,19-06-22,
2080,10,15-09-22,14-02-23
2081,10,09-05-20,
2082,10,17-02-21,
2083,10,12-04-20,
2084,10,30-03-21,
2085,10,05-05-19,11-01-22
2086,10,31-05-21,12-11-21
2087,10,21-11-19,24-06-20
2088,10,19-07-19,
2089,10,29-12-18,04-07-20
2090,10,12-01-23,
2091,10,25-11-22,
2092,10,13-11-19,
2093,10,08-09-20,24-08-22
2094,10,16-06-19,07-09-21
2095,10,14-07-23,16-07-23
2096,10,18-07-23,
2097,10,06-12-18,09-04-19
2098,10,15-07-20,
2099,10,30-10-18,
2100,10,13-09-22,
2101,10,28-12-22,13-05-23
2102,10,24-03-23,
2103,10,02-10-20,
2104,10,14-09-20,
2105,10,19-01-20,
2106,10,14-04-19,20-01-23
2107,10,02-06-23,24-07-23
2108,10,09-05-22,03-01-23
2109,10,23-02-21,
2110,10,04-06-21,
2111,10,29-03-22,30-07-22
2112,10,30-07-19,21-01-20
2113,10,09-07-20,10-12-22
2114,10,24-08-19,
2115,10,15-04-19,10-05-23
2116,10,21-08-21,
2117,10,22-06-20,
2118,10,28-01-20,
2119,10,29-03-19,
2120,10,05-10-18,
2121,10,20-08-20,
2122,10,11-06-21,14-11-22
2123,10,10-09-21,
2124,10,21-02-23,09-07-23
2125,10,09-08-19,
2126,10,08-03-21,07-10-22
2127,10,20-07-19,
2128,10,27-03-23,
2129,10,07-10-19,
2130,10,13-12-22,
2131,10,06-06-20,12-03-22
2132,10,25-04-22,
2133,10,28-07-20,
2134,10,28-02-22,31-05-23
2135,10,25-10-21,18-02-23
2136,10,12-09-18,11-07-20
2137,10,31-12-22,15-01-23
2138,10,04-11-21,10-06-23
2139,10,05-05-20,
2140,10,08-12-20,
2141,10,29-09-18,20-05-23
2142,10,09-01-20,02-11-20
2143,10,01-07-20,31-10-22
2144,10,25-08-22,
2145,10,27-02-19,
2146,10,25-12-19,04-06-23
2147,10,14-08-20,27-10-21
2148,10,30-07-21,
2149,10,02-05-21,27-06-23
2150,10,21-01-23,29-03-23
2151,10,20-01-21,27-06-23
2152,10,07-10-20,
2153,10,15-06-19,
2154,10,28-04-22,
2155,10,29-06-19,19-02-23
2156,10,11-09-18,14-03-20
2157,10,15-05-20,22-12-21
2158,10,23-02-23,
2159,10,23-03-21,22-03-22
2160,10,07-11-22,06-04-23
2161,10,19-05-21,
2162,10,02-01-21,
2163,10,26-03-19,
2164,10,28-09-20,
2165,10,16-03-19,26-04-20
2166,10,20-03-19,
2167,10,30-12-18,10-08-20
2168,10,08-08-18,
2169,10,04-07-20,11-05-22
2170,10,29-01-23,
2171,10,09-08-21,27-05-22
2172,10,16-05-21,30-06-23
2173,10,14-08-21,08-10-21
2174,10,08-02-22,
2175,10,16-12-19,21-06-20
2176,10,07-10-21,
2177,10,23-12-20,
2178,10,01-11-22,
2179,10,28-10-22,27-05-23
2180,10,03-11-18,03-05-23
2181,10,05-03-19,16-03-20
2182,10,14-03-21,
2183,10,13-12-18,
2184,10,05-09-21,31-03-23
2185,10,17-05-20,18-02-22
2186,10,03-03-23,23-03-23
2187,10,28-02-20,
2188,10,11-02-21,28-06-23
2189,10,25-01-19,
2190,10,25-04-23,15-06-23
2191,10,14-02-21,19-04-23
2192,10,07-10-20,18-01-23
2193,10,28-02-19,01-06-23
2194,10,27-07-19,
2195,10,02-06-23,07-07-23
2196,10,14-11-22,04-01-23
2197,10,22-08-18,10-11-21
2198,10,15-12-22,29-12-22
2199,10,31-05-20,
2200,10,19-07-22,
2201,10,01-07-20,
2202,10,18-11-20,
2203,10,29-02-20,20-05-21
2204,10,24-09-21,28-01-22
2205,10,13-04-22,30-07-23
2206,10,25-10-22,
2207,10,27-01-21,
2208,5,21-09-18,
2209,10,14-04-20,
2210,10,31-05-21,31-10-22
2211,5,10-04-20,
2212,10,03-07-22,22-03-23
2213,10,15-03-23,10-05-23
2214,10,29-07-21,12-08-22
2215,10,05-02-22,13-01-23
2216,10,09-11-22,
2217,5,23-11-20,14-12-20
2218,10,21-02-19,21-10-22
2219,10,25-09-22,06-05-23
2220,10,17-09-22,
2221,10,31-05-19,
2222,10,21-07-20,18-08-21
2223,10,04-07-20,
2224,5,13-10-20,
2225,10,01-05-23,
2226,10,22-03-19,17-06-21
2227,10,27-12-21,
2228,10,12-08-18,13-06-22
2229,10,28-12-22,
2230,5,25-11-18,
2231,5,26-12-20,
2232,10,16-12-22,
2233,10,27-09-19,
2234,10,20-02-21,09-01-22
2235,10,26-02-22,
2236,5,23-12-18,11-10-21
2237,5,10-01-22,04-01-23
2238,5,04-03-21,06-12-21
2239,10,10-03-23,04-04-23
2240,10,05-12-18,
2241,10,24-06-21,
2242,10,10-05-22,16-07-22
2243,5,13-04-23,03-05-23
2244,5,04-08-22,
2245,10,28-02-21,13-07-22
2246,10,14-10-20,10-04-22
2247,10,10-09-18,08-06-23
2248,10,16-12-22,28-05-23
2249,10,28-09-18,26-01-19
2250,5,08-03-22,26-04-22
2251,10,12-01-22,
2252,10,08-12-20,
2253,10,17-11-20,
2254,10,18-01-21,
2255,10,15-09-20,01-10-21
2256,5,11-12-19,
2257,10,29-04-21,10-06-22
2258,10,03-04-21,
2259,10,01-02-22,
2260,10,17-01-20,30-09-21
2261,5,01-06-22,
2262,5,17-03-19,
2263,10,07-01-20,
2264,10,24-02-21,29-12-21
2265,10,30-12-19,
2266,10,12-05-20,17-03-21
2267,5,04-04-23,
2268,5,04-01-21,28-04-22
2269,10,28-04-20,01-12-22
2270,10,16-04-19,31-07-21
2271,10,09-07-22,
2272,5,29-08-22,15-01-23
2273,5,26-01-20,11-12-20
2274,10,18-02-20,
2275,10,25-01-22,
2276,10,10-07-23,
2277,10,14-04-22,
2278,10,10-07-22,
2279,10,27-06-22,
2280,10,04-12-18,07-07-23
2281,10,10-09-19,
2282,10,25-04-19,
2283,10,03-10-18,27-06-19
2284,10,14-06-22,
2285,10,15-02-22,
2286,10,24-09-18,18-01-21
2287,10,09-03-22,08-04-23
2288,10,07-11-18,25-05-20
2289,10,31-08-19,
2290,17,27-11-20,05-07-23
2291,10,07-07-20,
2292,10,11-01-20,
2293,10,15-06-20,05-09-21
2294,10,10-10-20,
2295,10,19-05-22,10-04-23
2296,10,25-08-21,
2297,10,18-12-18,25-09-19
2298,10,05-08-23,
2299,10,13-04-22,17-04-23
2300,10,26-09-20,
2301,10,12-02-21,03-08-22
2302,10,02-01-19,09-10-20
2303,10,26-10-19,22-07-23
2304,10,11-04-21,
2305,10,11-12-19,12-05-21
2306,10,21-10-20,14-05-23
2307,10,08-05-20,
2308,10,24-05-22,13-10-22
2309,10,05-06-19,
2310,10,21-04-22,
2311,10,10-12-19,21-02-23
2312,10,26-11-19,
2313,10,13-09-21,
2314,10,19-08-19,
2315,10,12-06-22,09-07-23
2316,10,21-07-21,
2317,10,13-11-20,
2318,10,20-02-22,
2319,10,28-03-19,14-04-22
2320,10,26-10-22,17-06-23
2321,10,10-05-23,14-05-23
2322,10,01-09-22,
2323,10,21-04-21,17-08-21
2324,10,23-07-21,15-02-23
2325,10,29-12-20,
2326,10,08-08-22,
2327,10,30-07-20,
2328,10,18-03-19,
2329,10,25-07-19,03-09-22
2330,10,16-10-21,
2331,10,06-12-19,29-10-21
2332,10,29-06-19,21-07-20
2333,10,03-04-19,
2334,10,21-07-21,03-09-22
2335,10,27-07-22,
2336,10,06-10-19,
2337,10,16-04-21,
2338,10,10-10-18,02-05-22
2339,10,25-07-22,08-11-22
2340,10,17-03-21,13-05-23
2341,10,13-10-18,
2342,10,09-01-20,
2343,10,18-09-19,
2344,10,26-10-19,10-03-20
2345,10,14-09-20,30-05-23
2346,10,09-04-23,
2347,10,25-10-19,
2348,10,25-06-22,
2349,10,26-01-23,27-02-23
2350,10,19-02-20,
2351,10,24-12-19,21-06-20
2352,10,16-10-20,15-11-20
2353,10,07-09-18,
2354,10,07-01-22,29-06-22
2355,10,25-03-19,23-04-19
2356,10,18-11-21,17-12-22
2357,10,31-12-22,21-07-23
2358,10,14-05-20,29-11-22
2359,10,13-12-20,12-02-23
2360,10,16-11-21,23-11-22
2361,10,01-12-22,06-07-23
2362,10,30-10-20,28-07-22
2363,10,08-02-21,25-09-22
2364,10,05-08-19,
2365,10,29-11-18,09-03-23
2366,10,16-11-18,25-05-21
2367,10,23-08-20,11-06-22
2368,10,22-08-20,09-03-23
2369,10,19-10-21,10-09-22
2370,10,21-02-20,29-11-21
2371,10,21-11-22,
2372,10,05-08-19,06-12-21
2373,10,05-11-20,04-06-22
2374,10,12-06-21,25-02-22
2375,10,13-09-18,
2376,10,09-04-23,03-06-23
2377,10,09-01-21,
2378,10,23-03-20,
2379,10,19-10-19,23-12-20
2380,10,02-07-23,11-07-23
2381,10,29-08-19,
2382,10,17-07-23,28-07-23
2383,10,02-02-20,
2384,10,14-10-21,21-10-22
2385,10,10-04-20,
2386,10,14-12-18,
2387,10,27-06-22,05-01-23
2388,10,07-09-20,
2389,10,03-11-19,22-06-21
2390,10,15-05-20,27-12-21
2391,10,28-04-23,13-05-23
2392,10,05-08-19,
2393,10,05-12-18,15-09-21
2394,10,25-04-22,23-06-23
2395,10,10-12-19,
2396,10,30-06-22,13-07-22
2397,10,19-09-18,29-04-19
2398,10,08-07-19,16-08-22
2399,10,25-05-23,31-07-23
2400,10,03-11-18,
2401,10,09-11-22,10-01-23
2402,10,14-04-22,22-09-22
2403,10,06-08-20,29-07-22
2404,10,26-06-19,27-01-20
2405,10,13-09-20,15-03-22
2406,10,13-11-18,
2407,10,06-10-19,14-04-23
2408,10,15-09-21,
2409,10,06-02-20,
2410,10,21-10-22,
2411,10,11-10-22,
2412,10,30-01-22,22-03-23
2413,10,27-07-22,09-10-22
2414,10,26-05-22,
2415,10,08-02-21,23-08-22
2416,10,06-06-22,
2417,10,27-02-21,30-07-23
2418,10,26-01-22,04-05-23
2419,10,01-04-20,
2420,10,03-06-20,
2421,10,20-11-21,
2422,10,21-12-21,07-04-22
2423,10,10-10-18,
2424,10,26-02-19,24-03-21
2425,10,19-06-22,20-05-23
2426,10,20-07-20,10-07-23
2427,10,17-01-20,20-04-20
2428,10,04-06-21,11-02-22
2429,10,19-04-19,02-07-20
2430,10,17-11-18,20-12-20
2431,10,18-08-22,20-06-23
2432,10,10-02-23,24-04-23
2433,10,22-04-20,03-08-22
2434,10,14-01-23,07-05-23
2435,10,13-03-23,21-03-23
2436,10,30-12-22,16-04-23
2437,10,04-06-20,30-10-22
2438,10,13-03-22,
2439,10,21-08-21,
2440,10,15-05-21,
2441,10,14-07-21,
2442,10,31-01-23,22-06-23
2443,10,27-07-20,
2444,10,16-04-23,
2445,10,30-12-19,
2446,10,06-12-21,11-01-23
2447,10,02-02-20,06-03-22
2448,10,23-10-20,14-03-21
2449,10,29-04-20,10-07-21
2450,10,18-08-22,24-09-22
2451,10,08-09-20,
2452,10,14-10-22,
2453,10,13-05-23,
2454,10,28-02-21,
2455,10,03-03-20,
2456,10,29-11-21,
2457,10,24-08-18,
2458,10,21-10-20,24-03-22
2459,17,15-12-20,24-06-21
2460,10,05-09-18,27-01-23
2461,10,27-09-21,
2462,10,09-01-20,27-01-21
2463,10,06-12-18,
2464,10,11-08-22,
2465,10,13-04-20,26-06-21
2466,10,14-11-21,22-01-23
2467,10,17-03-22,23-06-23
2468,10,06-05-19,
2469,10,27-11-21,22-06-23
2470,10,09-02-21,
2471,10,06-01-22,
2472,10,28-07-23,
2473,10,27-03-21,23-06-22
2474,10,12-03-23,02-06-23
2475,10,05-10-22,17-12-22
2476,10,01-10-21,21-06-23
2477,17,31-01-22,
2478,17,01-06-20,
2479,10,18-04-23,17-05-23
2480,10,25-07-20,
2481,10,12-12-18,
2482,10,01-09-18,20-06-22
2483,10,24-11-19,
2484,10,26-12-21,
2485,10,04-03-20,08-09-21
2486,10,03-05-20,
2487,10,20-07-19,
2488,10,26-05-22,05-10-22
2489,10,24-07-21,
2490,10,27-09-21,
2491,10,07-04-19,
2492,10,20-07-19,
2493,10,03-12-22,29-06-23
2494,10,04-04-20,10-11-22
2495,10,08-03-20,26-02-23
2496,10,28-09-20,27-03-23
2497,10,14-07-21,09-08-22
2498,10,17-10-19,21-03-20
2499,10,08-04-23,09-06-23
2500,10,25-07-19,
2501,10,25-12-22,
2502,10,27-01-19,
2503,10,26-12-21,29-01-22
2504,10,12-01-23,
2505,10,02-07-19,
2506,10,30-06-22,
2507,10,05-01-23,14-01-23
2508,10,18-11-18,
2509,10,21-09-20,16-10-21
2510,10,25-11-19,24-02-23
2511,10,05-02-21,12-02-23
2512,10,16-04-23,25-05-23
2513,10,19-08-21,16-02-22
2514,10,14-01-22,
2515,10,11-09-18,
2516,10,18-02-22,
2517,10,01-12-19,25-01-23
2518,10,28-02-21,31-07-22
2519,10,13-11-21,
2520,10,27-09-20,
2521,10,03-09-22,
2522,10,09-10-20,09-11-21
2523,10,06-11-21,
2524,10,24-06-23,
2525,10,15-09-21,02-07-23
2526,10,14-10-22,
2527,10,22-07-19,
2528,10,20-03-23,06-05-23
2529,10,02-05-22,
2530,10,20-10-22,07-07-23
2531,10,24-07-23,29-07-23
2532,10,18-07-20,
2533,10,05-05-21,
2534,10,15-04-19,23-05-21
2535,10,24-08-20,02-05-23
2536,10,31-12-22,
2537,10,18-09-22,07-06-23
2538,10,14-09-19,
2539,10,19-03-19,
2540,10,18-10-22,10-01-23
2541,10,31-07-22,
2542,10,06-03-23,
2543,10,30-01-19,22-03-21
2544,10,22-05-23,12-07-23
2545,10,22-12-18,
2546,10,08-11-22,
2547,10,03-07-21,
2548,10,14-11-18,08-07-21
2549,10,18-09-21,
2550,10,19-11-20,03-11-21
2551,10,04-05-23,02-07-23
2552,10,21-01-23,
2553,10,19-08-22,18-01-23
2554,10,18-07-22,09-05-23
2555,10,14-08-19,13-05-21
2556,10,10-12-20,30-05-22
2557,10,20-09-19,
2558,10,19-11-21,27-12-21
2559,10,29-04-22,
2560,10,30-06-21,28-07-21
2561,10,15-07-21,
2562,10,12-04-21,06-03-23
2563,10,08-12-20,
2564,10,31-10-19,01-03-20
2565,10,22-01-20,
2566,10,20-09-22,
2567,10,22-12-22,26-07-23
2568,10,12-03-19,
2569,10,07-10-21,31-12-21
2570,10,16-06-19,21-05-23
2571,10,17-03-21,08-09-22
2572,10,07-08-22,26-04-23
2573,20,17-01-20,28-02-23
2574,20,11-06-22,20-02-23
2575,7,03-03-21,30-01-23
2576,11,16-04-20,15-03-21
2577,21,22-09-22,28-01-23
2578,20,30-05-23,
2579,2,14-01-21,
2580,13,29-04-20,20-10-21
2581,1,07-07-21,
2582,15,28-07-20,
2583,14,16-09-20,
2584,11,23-04-23,
2585,18,04-06-21,
2586,12,15-04-20,
2587,10,04-09-19,13-04-20
2588,10,18-08-20,
2589,2,05-12-20,
2590,2,13-01-23,12-02-23
2591,2,17-09-19,
2592,18,15-10-20,
2593,18,01-12-18,23-06-21
2594,18,24-07-23,
2595,18,08-10-19,
2596,7,16-10-21,04-05-22
2597,7,03-04-20,
2598,7,08-01-20,
2599,7,27-03-22,14-06-23
2600,21,18-09-18,
2601,21,29-11-19,21-04-20
2602,10,16-04-19,05-08-22
2603,10,05-03-19,12-10-19
2604,10,20-12-18,29-05-20
2605,2,08-03-21,29-05-23
2606,2,23-10-20,
2607,1,29-03-19,
2608,18,25-10-20,
2609,18,06-12-19,18-07-21
2610,18,23-09-22,25-01-23
2611,18,26-12-19,04-06-22
2612,7,27-08-18,19-12-19
2613,7,12-12-22,07-03-23
2614,7,13-05-21,
2615,21,31-03-21,
2616,21,14-08-19,04-09-22
2617,21,02-08-20,30-12-22
2618,10,04-06-19,
2619,10,17-06-20,08-02-22
2620,10,04-03-21,
2621,2,14-09-18,
2622,2,20-07-20,
2623,2,21-05-20,13-06-21
2624,1,11-06-23,28-07-23
2625,18,27-11-22,19-05-23
2626,18,02-03-20,27-05-22
2627,18,29-01-23,24-05-23
2628,18,07-12-21,
2629,7,19-03-23,11-07-23
2630,7,10-06-22,14-02-23
2631,7,03-03-21,
2632,21,06-03-22,
2633,21,08-08-22,
2634,21,12-03-23,
2635,10,01-05-19,16-02-23
2636,10,13-09-18,04-11-20
2637,10,16-11-22,
2638,2,20-11-21,17-03-23
2639,2,29-09-20,
2640,2,28-08-21,06-09-22
2641,2,28-04-21,22-03-22
2642,1,15-06-22,05-05-23
2643,18,15-04-22,10-10-22
2644,18,19-07-20,10-04-21
2645,18,02-07-20,
2646,7,04-08-19,
2647,7,09-01-19,
2648,7,01-10-22,
2649,14,28-09-20,02-06-23
2650,21,15-11-18,
2651,21,24-11-20,
2652,10,09-07-23,14-07-23
2653,10,20-04-23,08-05-23
2654,10,22-08-19,07-01-20
2655,2,02-08-22,07-04-23
2656,2,31-10-18,23-01-20
2657,2,23-11-21,20-07-22
2658,2,01-07-23,21-07-23
2659,1,18-07-22,
2660,18,09-08-19,
2661,18,06-07-21,
2662,7,02-02-21,
2663,7,06-01-23,25-04-23
2664,7,13-11-21,
2665,14,15-03-20,
2666,21,07-11-18,08-01-22
2667,21,03-10-19,25-08-21
2668,10,12-08-22,16-04-23
2669,10,22-12-18,
2670,10,27-03-21,
2671,10,18-07-22,
2672,2,09-04-20,06-05-23
2673,2,07-01-22,
2674,2,15-07-22,
2675,1,29-11-20,16-07-22
2676,1,20-03-19,23-09-20
2677,18,16-03-19,08-01-22
2678,7,30-05-21,
2679,7,17-11-22,
2680,7,25-12-20,04-10-21
2681,7,16-06-20,13-08-21
2682,14,28-07-20,
2683,21,31-12-21,
2684,10,07-02-22,02-03-23
2685,10,23-11-21,29-03-22
2686,10,15-08-21,
2687,2,21-06-21,
2688,2,13-02-21,
2689,2,28-12-20,
2690,2,12-04-22,02-09-22
2691,1,02-01-19,
2692,18,01-08-20,01-10-22
2693,18,14-10-20,
2694,7,26-05-23,14-07-23
2695,7,26-08-21,25-11-22
2696,7,20-11-22,08-02-23
2697,14,22-02-20,
2698,14,04-04-21,
2699,21,05-08-23,
2700,10,10-01-23,06-08-23
2701,10,19-04-19,
2702,10,02-10-19,
2703,2,14-11-18,
2704,2,27-01-20,19-06-22
2705,2,04-11-18,
2706,12,13-12-18,13-01-19
2707,1,28-11-22,
2708,18,08-06-22,07-08-22
2709,7,03-04-22,
2710,7,28-02-22,
2711,7,19-08-21,
2712,14,19-08-18,
2713,14,15-10-19,
2714,21,23-02-23,20-04-23
2715,21,01-02-23,
2716,10,07-05-23,
2717,10,26-05-20,
2718,2,09-02-22,
2719,2,20-06-22,23-03-23
2720,12,08-01-22,03-09-22
2721,12,01-03-20,
2722,1,05-10-20,
2723,18,12-05-21,01-07-22
2724,7,01-01-23,05-07-23
2725,7,18-11-19,
2726,14,12-05-21,07-11-21
2727,14,14-02-20,21-12-21
2728,21,08-05-20,28-03-23
2729,21,10-12-18,
2730,20,08-12-21,
2731,10,31-01-19,
2732,11,31-08-22,27-04-23
2733,2,01-02-22,
2734,2,02-12-20,
2735,12,16-10-20,
2736,1,27-05-20,
2737,20,20-08-21,09-10-21
2738,18,07-02-19,25-03-19
2739,7,18-02-21,26-11-21
2740,7,02-12-22,
2741,14,29-07-21,05-05-22
2742,13,23-04-22,16-12-22
2743,21,31-07-21,07-04-22
2744,20,12-06-20,
2745,20,25-01-19,
2746,10,24-10-20,08-04-23
2747,10,18-08-18,28-02-19
2748,10,11-07-22,
2749,10,15-11-18,19-11-18
2750,10,04-06-22,
2751,10,27-10-18,10-07-19
2752,10,21-10-22,09-05-23
2753,10,13-01-23,24-05-23
2754,10,05-04-20,
2755,10,26-05-22,
2756,10,05-05-21,
2757,10,01-07-23,04-08-23
2758,10,20-12-18,13-06-23
2759,10,26-08-18,
2760,10,06-12-20,26-08-22
2761,10,13-12-21,11-06-22
2762,10,27-06-21,02-01-22
2763,10,19-10-19,
2764,10,26-11-22,13-01-23
2765,10,19-08-19,
2766,10,22-08-18,14-04-22
2767,10,04-05-22,
2768,10,12-06-22,
2769,10,08-11-18,
2770,10,05-07-21,
2771,10,08-07-20,24-09-21
2772,10,13-03-20,
2773,10,28-12-22,
2774,10,17-03-20,
2775,10,07-01-23,
2776,10,22-12-21,
2777,10,29-04-20,22-11-22
2778,10,02-12-20,
2779,10,08-12-21,20-06-22
2780,10,13-04-22,04-08-23
2781,10,23-12-20,23-07-22
2782,10,31-03-19,
2783,10,11-06-23,30-07-23
2784,10,20-05-21,31-01-23
2785,10,14-11-20,
2786,10,29-12-18,
2787,10,22-04-21,
2788,10,03-06-23,14-07-23
2789,10,26-04-21,06-07-21
2790,10,30-04-19,09-10-19
2791,10,04-07-21,25-06-23
2792,10,24-02-23,
2793,10,02-03-21,
2794,10,27-12-21,
2795,10,10-07-22,11-09-22
2796,10,19-09-22,17-06-23
2797,10,30-05-21,
2798,10,07-04-20,
2799,10,20-04-21,17-09-22
2800,10,02-08-19,
2801,10,11-01-22,
2802,10,15-11-20,
2803,10,08-05-20,
2804,10,10-03-19,
2805,10,19-04-22,
2806,10,30-11-19,
2807,10,06-07-21,07-01-23
2808,10,27-11-18,
2809,10,30-01-23,
2810,10,17-11-22,08-02-23
2811,10,13-08-18,28-05-20
2812,10,02-07-21,09-07-23
2813,10,28-06-22,
2814,10,25-01-19,
2815,10,23-07-23,
2816,10,25-07-22,
2817,10,11-01-23,
2818,10,28-07-23,30-07-23
2819,10,06-05-23,
2820,10,18-09-22,
2821,10,08-09-19,10-09-21
2822,10,30-08-19,
2823,10,22-05-23,
2824,10,02-03-21,
2825,10,13-02-23,
2826,10,11-08-22,01-12-22
2827,10,19-02-20,10-12-22
2828,10,15-10-21,26-03-23
2829,10,16-11-22,
2830,10,30-06-22,03-02-23
2831,10,28-07-21,
2832,10,21-11-21,
2833,10,12-10-20,
2834,10,02-10-18,17-09-20
2835,10,17-07-21,27-02-23
2836,10,13-04-22,
2837,10,20-03-21,18-02-23
2838,10,09-09-21,05-11-21
2839,10,06-12-19,28-03-22
2840,10,26-04-23,19-05-23
2841,10,06-04-19,
2842,10,19-10-20,28-02-23
2843,10,22-11-21,
2844,10,30-12-20,25-07-23
2845,10,03-09-20,
2846,10,14-10-19,19-08-22
2847,10,19-02-21,18-09-21
2848,10,13-03-22,02-09-22
2849,10,02-10-18,
2850,10,06-10-22,16-10-22
2851,10,21-09-20,
2852,10,06-12-21,
2853,10,16-11-22,21-03-23
2854,10,02-08-22,27-07-23
2855,10,19-01-22,
2856,10,09-04-22,
2857,10,19-07-19,08-08-22
2858,10,02-09-21,14-11-22
2859,10,01-02-19,
2860,10,13-04-23,26-05-23
2861,10,06-10-18,
2862,10,24-03-20,24-03-22
2863,10,08-10-21,
2864,10,16-05-22,
2865,10,10-05-22,17-10-22
2866,10,16-11-21,
2867,10,25-02-19,
2868,10,01-07-22,
2869,10,17-12-22,
2870,10,26-07-23,31-07-23
2871,10,11-03-22,02-08-22
2872,10,29-06-20,20-05-21
2873,10,28-03-22,
2874,10,14-02-22,
2875,10,25-12-20,13-09-21
2876,10,27-04-23,
2877,10,11-11-22,07-12-22
2878,10,04-05-21,12-10-21
2879,10,20-12-18,
2880,10,11-06-21,03-12-22
2881,10,07-06-23,
2882,10,21-05-19,05-01-20
2883,10,01-03-19,
2884,10,26-02-22,
2885,10,14-04-22,10-10-22
2886,10,06-08-20,
2887,10,28-01-20,15-02-22
2888,10,17-04-21,18-03-22
2889,10,29-09-19,28-06-23
2890,10,07-10-22,
2891,10,11-08-21,07-11-21
2892,10,10-04-21,01-11-22
2893,10,24-02-22,
2894,10,01-07-22,
2895,10,04-04-23,20-06-23
2896,10,25-10-21,
2897,10,04-03-22,02-07-23
2898,10,20-12-19,
2899,10,11-09-20,31-03-22
2900,10,31-10-21,12-07-23
2901,10,21-10-18,24-04-19
2902,10,07-01-21,
2903,10,09-02-23,07-05-23
2904,10,15-02-20,20-10-20
2905,10,14-10-22,
2906,10,02-10-18,
2907,10,22-06-20,
2908,10,19-03-21,
2909,10,28-03-19,
2910,10,01-05-22,
2911,10,07-08-18,
2912,10,01-05-22,
2913,10,03-12-19,
2914,10,02-01-20,03-08-23
2915,10,30-04-22,02-08-23
2916,10,04-07-20,07-03-21
2917,10,05-02-20,
2918,10,22-12-18,21-07-22
2919,10,21-04-19,
2920,10,03-04-20,
2921,10,22-09-18,10-10-19
2922,10,14-10-22,06-07-23
2923,10,12-02-22,22-09-22
2924,10,23-03-21,20-07-23
2925,10,30-08-18,11-07-21
2926,10,10-12-22,02-07-23
2927,10,04-02-23,25-07-23
2928,10,10-01-21,
2929,10,19-08-20,14-11-21
2930,10,21-04-23,
2931,10,29-01-20,09-01-21
2932,10,19-08-21,25-05-23
2933,10,18-03-21,
2934,10,24-10-21,29-08-22
2935,10,03-10-20,06-05-23
2936,10,21-02-23,
2937,10,01-08-20,
2938,10,08-01-23,10-05-23
2939,10,26-07-22,08-11-22
2940,10,31-08-20,09-06-23
2941,10,05-11-22,22-02-23
2942,10,30-05-19,08-01-20
2943,10,09-12-19,
2944,10,10-05-19,
2945,10,03-09-19,18-03-22
2946,10,13-09-18,
2947,10,10-06-21,
2948,10,08-10-19,16-06-23
2949,10,03-06-21,14-04-23
2950,10,14-09-18,04-01-19
2951,10,26-05-19,
2952,10,05-07-19,
2953,10,05-11-19,
2954,10,22-07-19,18-10-21
2955,10,21-09-20,22-03-23
2956,10,11-11-19,
2957,10,08-02-21,
2958,10,01-06-20,
2959,10,26-10-22,01-11-22
2960,10,12-02-19,17-04-23
2961,10,19-10-22,22-07-23
2962,10,12-12-19,
2963,10,29-11-21,
2964,10,15-05-21,
2965,10,27-01-23,06-05-23
2966,10,03-07-20,02-07-23
2967,10,26-12-22,25-06-23
2968,10,23-12-18,
2969,10,28-09-20,16-10-21
2970,10,16-09-20,10-09-21
2971,10,09-02-20,14-03-21
2972,10,13-02-23,
2973,10,01-12-19,
2974,10,04-11-22,
2975,10,14-04-21,22-06-22
2976,10,13-08-21,12-10-21
2977,10,28-08-20,
2978,10,16-08-22,
2979,10,26-02-22,
2980,10,30-12-19,
2981,10,23-07-22,06-03-23
2982,10,14-10-18,
2983,10,20-02-21,
2984,10,28-03-20,21-11-20
2985,10,05-02-19,10-07-20
2986,10,19-04-23,
2987,10,24-09-20,
2988,10,14-11-20,15-01-23
2989,10,16-09-21,
2990,10,21-04-19,
2991,10,13-03-20,
2992,10,16-04-22,20-04-23
2993,10,18-03-19,23-11-22
2994,10,18-02-22,
2995,10,03-09-18,29-11-18
2996,10,15-06-22,16-08-22
2997,10,14-02-22,
2998,10,09-07-23,
2999,10,28-10-18,04-08-19
3000,10,09-07-22,
3001,10,27-09-18,12-12-22
3002,10,27-10-20,
3003,10,01-10-21,
3004,10,29-08-19,19-06-22
3005,10,29-12-20,
3006,10,04-10-22,
3007,10,21-03-19,25-09-22
3008,10,03-04-20,27-12-21
3009,10,02-06-19,14-07-21
3010,10,31-05-19,04-09-20
3011,10,06-01-20,04-05-20
3012,10,19-08-18,18-02-21
3013,10,18-05-19,
3014,10,23-11-22,09-12-22
3015,10,02-12-20,
3016,10,05-01-22,
3017,10,16-04-23,04-08-23
3018,10,10-10-20,23-06-23
3019,10,15-04-22,04-07-23
3020,10,25-07-23,
3021,10,31-08-20,
3022,10,10-10-18,17-05-20
3023,10,15-01-19,03-04-21
3024,10,26-12-21,
3025,10,23-05-22,
3026,10,23-08-22,
3027,10,27-05-23,28-07-23
3028,10,10-08-18,25-07-21
3029,10,24-10-21,03-02-23
3030,10,05-07-22,03-01-23
3031,10,22-01-22,03-03-23
3032,10,27-03-23,23-07-23
3033,10,26-08-19,09-03-22
3034,10,16-10-21,
3035,10,14-06-19,
3036,10,05-07-20,
3037,10,02-03-20,
3038,10,11-11-20,28-04-21
3039,10,22-12-19,
3040,10,14-12-20,
3041,10,20-06-20,
3042,10,09-06-23,12-07-23
3043,10,25-09-22,
3044,10,26-08-20,30-12-20
3045,10,28-08-19,
3046,10,02-06-23,09-07-23
3047,10,12-09-18,
3048,10,15-07-23,
3049,10,02-07-23,25-07-23
3050,10,10-02-20,
3051,10,27-08-21,01-05-22
3052,10,25-01-20,05-02-23
3053,10,26-03-20,08-10-21
3054,10,23-10-20,
3055,10,27-12-20,07-12-21
3056,10,21-06-22,
3057,10,09-11-22,09-07-23
3058,10,11-02-19,30-07-20
3059,10,28-03-21,
3060,10,29-08-20,
3061,10,03-01-23,05-08-23
3062,10,28-11-22,
3063,10,22-12-21,03-08-23
3064,10,08-07-23,
3065,10,21-04-21,21-09-21
3066,10,28-07-22,20-10-22
3067,10,05-11-19,
3068,10,22-05-22,08-12-22
3069,10,19-10-19,03-12-21
3070,10,25-12-19,24-07-21
3071,10,04-11-22,26-11-22
3072,10,26-04-23,30-05-23
3073,10,26-10-22,16-05-23
3074,10,14-07-20,27-06-22
3075,10,12-03-23,
3076,10,26-04-23,
3077,10,17-09-22,12-06-23
3078,10,08-01-21,01-04-23
3079,10,18-12-20,16-09-22
3080,10,12-09-20,22-11-22
3081,10,20-10-20,
3082,10,18-11-22,
3083,10,14-01-23,
3084,10,27-10-20,08-06-22
3085,10,29-08-20,
3086,10,23-12-19,05-08-23
3087,10,03-07-23,
3088,10,26-09-22,
3089,10,09-05-20,25-07-23
3090,10,08-03-23,
3091,10,27-02-19,31-08-20
3092,10,12-01-20,12-07-23
3093,10,29-06-19,10-01-21
3094,10,15-07-21,29-09-21
3095,10,19-08-22,
3096,10,23-09-19,09-04-23
3097,10,11-10-20,06-01-21
3098,10,18-08-21,
3099,10,17-12-22,
3100,10,25-10-20,28-12-21
3101,10,23-01-23,
3102,10,15-03-19,03-08-22
3103,10,06-07-23,23-07-23
3104,10,29-05-22,
3105,10,07-06-20,09-07-22
3106,10,21-03-20,
3107,10,21-06-21,11-11-22
3108,10,22-10-21,12-05-22
3109,10,20-10-18,
3110,10,16-03-22,
3111,10,13-12-18,
3112,10,08-10-21,11-08-22
3113,10,03-02-19,02-04-19
3114,10,30-09-18,
3115,10,12-07-21,17-08-21
3116,10,04-03-21,
3117,10,27-10-19,
3118,10,28-01-19,14-12-20
3119,10,10-01-21,
3120,10,05-08-21,02-03-23
3121,10,07-11-22,02-03-23
3122,10,23-01-22,26-06-22
3123,10,12-07-21,
3124,10,05-01-19,04-11-21
3125,10,07-04-20,21-03-21
3126,10,27-04-22,
3127,10,14-06-22,05-12-22
3128,10,13-01-19,
3129,10,21-06-19,
3130,10,10-08-20,14-01-23
3131,10,13-04-21,11-06-22
3132,10,27-04-20,18-10-22
3133,10,25-02-22,02-03-22
3134,10,06-12-18,01-12-22
3135,10,12-03-20,06-06-23
3136,10,16-11-22,
3137,10,09-12-18,25-06-23
3138,10,25-12-22,08-03-23
3139,10,19-11-21,
3140,10,01-03-22,
3141,10,17-03-21,
3142,10,10-02-21,
3143,10,28-09-18,
3144,10,09-02-21,
3145,10,27-09-20,04-03-22
3146,10,16-12-18,
3147,10,17-07-23,28-07-23
3148,10,28-05-20,14-12-21
3149,10,01-03-21,05-04-23
3150,10,12-02-22,
3151,10,26-02-22,
3152,10,05-07-22,28-12-22
3153,10,29-11-19,11-03-22
3154,10,22-02-19,
3155,10,16-07-20,15-02-22
3156,10,18-07-19,19-02-20
3157,10,10-03-19,16-11-21
3158,10,30-05-23,21-07-23
3159,10,23-08-18,19-06-19
3160,10,06-03-19,
3161,10,01-08-23,02-08-23
3162,10,24-02-20,24-12-20
3163,10,26-09-19,
3164,10,07-12-22,08-06-23
3165,10,08-03-19,08-02-21
3166,10,06-08-19,27-07-22
3167,10,19-06-19,
3168,10,08-02-22,18-07-23
3169,10,08-06-19,29-01-21
3170,10,28-01-22,23-06-23
3171,10,26-08-20,11-08-22
3172,10,22-04-19,
3173,10,21-12-22,30-05-23
3174,10,12-10-22,03-07-23
3175,10,23-07-23,01-08-23
3176,10,13-12-18,23-06-20
3177,10,30-09-19,23-06-21
3178,10,24-01-20,09-06-23
3179,10,23-12-20,17-03-21
3180,10,07-06-19,11-01-20
3181,10,25-12-19,14-11-21
3182,10,26-01-23,
3183,10,03-11-22,03-08-23
3184,10,13-05-22,
3185,10,23-09-20,15-03-23
3186,10,29-08-21,08-11-22
3187,10,13-12-22,11-01-23
3188,10,06-11-22,
3189,10,04-08-23,
3190,10,15-11-20,
3191,10,06-07-22,12-08-22
3192,10,21-04-19,12-01-22
3193,10,28-08-21,
3194,10,25-03-21,
3195,10,16-07-20,15-10-20
3196,10,28-11-18,14-08-21
3197,10,27-06-19,
3198,10,04-01-23,
3199,10,22-11-18,
3200,10,08-01-21,
3201,10,18-11-22,
3202,10,21-06-20,23-06-23
3203,10,19-01-21,11-09-22
3204,10,04-06-23,
3205,10,13-08-20,17-09-21
3206,10,06-09-19,
3207,10,27-03-22,
3208,10,25-12-20,08-03-23
3209,10,24-04-21,
3210,10,12-05-20,
3211,10,23-05-23,
3212,10,27-12-20,22-05-22
3213,10,17-11-18,27-12-19
3214,10,16-07-19,
3215,10,25-01-20,
3216,10,16-08-21,
3217,10,20-01-19,01-10-19
3218,10,04-09-18,
3219,10,20-09-19,
3220,10,24-07-23,
3221,10,05-07-23,
3222,10,11-01-21,
3223,10,06-11-22,
3224,10,03-04-23,
3225,10,07-06-21,23-06-23
3226,10,20-01-19,
3227,10,20-11-21,06-06-22
3228,10,27-05-19,18-08-22
3229,10,18-12-22,
3230,10,13-05-21,13-07-23
3231,10,24-05-21,
3232,10,06-10-21,19-05-22
3233,10,22-08-20,26-08-20
3234,10,23-08-21,
3235,10,23-12-21,17-10-22
3236,10,24-01-22,27-03-22
3237,10,21-11-22,
3238,10,04-12-18,01-07-22
3239,10,02-06-19,
3240,10,12-08-18,05-07-19
3241,10,15-05-22,
3242,10,23-11-21,21-04-22
3243,10,13-12-20,
3244,10,28-07-21,
3245,10,07-06-19,30-12-21
3246,10,12-06-19,25-05-21
3247,10,20-04-23,06-08-23
3248,10,07-08-18,19-07-23
3249,10,06-12-18,
3250,10,25-03-21,
3251,10,15-02-19,25-04-19
3252,10,14-03-23,
3253,10,01-09-19,01-06-21
3254,10,23-02-21,13-07-22
3255,10,22-03-23,
3256,10,24-01-19,
3257,10,19-11-20,
3258,10,15-02-23,
3259,10,09-05-22,10-06-22
3260,10,06-10-21,
3261,10,17-01-21,25-06-23
3262,10,22-03-22,
3263,10,20-04-22,30-04-23
3264,10,31-12-21,10-05-23
3265,10,31-10-18,
3266,10,24-07-20,
3267,10,12-12-19,17-01-20
3268,10,22-06-23,
3269,10,20-06-21,
3270,10,31-10-19,
3271,10,02-07-19,26-11-22
3272,10,10-02-23,
3273,10,16-09-22,
3274,10,21-01-20,29-07-20
3275,10,16-11-22,
3276,10,25-01-21,
3277,10,16-06-23,24-06-23
3278,10,08-09-20,17-10-21
3279,10,23-01-19,24-11-20
3280,10,29-05-23,23-07-23
3281,10,16-08-19,
3282,10,04-06-20,
3283,10,21-07-20,
3284,10,21-08-22,29-03-23
3285,10,16-07-21,12-06-23
3286,10,06-11-19,
3287,10,01-01-21,
3288,10,24-09-19,
3289,10,17-05-20,
3290,10,07-08-18,
3291,10,01-08-23,
3292,10,12-01-19,09-01-20
3293,10,09-04-21,29-11-22
3294,10,04-06-22,24-12-22
3295,10,31-05-19,
3296,10,07-01-19,08-10-19
3297,10,18-07-20,20-04-21
3298,10,19-11-20,21-05-21
3299,10,10-11-22,
3300,10,25-03-21,08-05-22
3301,10,13-05-19,13-08-22
3302,10,07-06-19,06-11-22
3303,10,18-02-23,
3304,10,02-04-19,
3305,10,30-11-20,23-10-22
3306,10,24-09-22,27-10-22
3307,10,21-06-19,
3308,10,10-06-22,
3309,10,18-10-20,
3310,10,02-02-22,04-02-23
3311,10,17-06-21,03-12-21
3312,10,01-12-18,
3313,10,09-05-21,
3314,10,01-01-19,
3315,10,13-10-18,18-03-20
3316,10,25-04-20,13-12-22
3317,10,17-03-22,
3318,10,18-11-19,10-02-22
3319,10,09-10-19,
3320,10,18-05-20,
3321,10,17-02-19,
3322,10,31-07-20,27-09-22
3323,10,17-06-23,13-07-23
3324,10,30-06-19,24-07-22
3325,10,13-07-21,11-03-22
3326,10,14-01-22,
3327,10,01-01-20,
3328,10,24-10-20,11-04-23
3329,10,24-10-20,
3330,10,09-08-20,
3331,10,24-03-19,16-10-20
3332,10,29-10-22,
3333,10,16-05-23,
3334,10,30-05-23,
3335,10,28-06-19,16-12-21
3336,10,25-03-23,17-05-23
3337,10,26-08-22,
3338,10,15-11-19,
3339,10,22-08-21,
3340,10,29-11-22,
3341,10,15-10-22,25-01-23
3342,10,31-07-21,
3343,10,21-02-22,26-05-23
3344,10,29-08-21,
3345,10,13-12-21,29-01-23
3346,10,30-03-21,12-02-22
3347,10,02-02-21,13-05-22
3348,10,31-10-19,
3349,10,07-11-22,
3350,10,20-11-22,
3351,10,15-12-21,06-04-22
3352,10,22-02-23,
3353,10,29-03-20,
3354,10,09-08-21,16-06-23
3355,10,02-01-23,18-06-23
3356,10,10-11-18,
3357,10,30-08-22,
3358,10,30-07-21,03-12-22
3359,10,29-11-20,
3360,10,24-03-21,
3361,10,29-12-20,23-02-22
3362,10,02-08-21,
3363,10,30-03-22,
3364,10,05-03-21,07-09-21
3365,10,02-12-20,
3366,10,20-01-19,18-01-20
3367,10,30-05-20,01-02-22
3368,10,14-11-19,14-05-23
3369,10,27-07-22,24-03-23
3370,10,20-06-22,
3371,10,20-12-22,22-03-23
3372,10,14-01-23,14-03-23
3373,10,22-09-18,
3374,10,24-09-22,10-03-23
3375,10,08-06-20,13-07-21
3376,10,06-07-23,
3377,10,24-02-20,13-05-23
3378,10,26-05-21,
3379,10,09-04-23,14-06-23
3380,10,27-06-23,
3381,10,20-12-22,
3382,10,10-11-18,
3383,10,13-08-20,02-10-20
3384,10,07-03-19,
3385,10,13-03-22,
3386,10,25-11-19,28-01-21
3387,10,06-03-19,
3388,10,19-04-19,
3389,10,12-08-20,
3390,10,21-10-22,05-01-23
3391,10,13-01-20,
3392,10,18-11-19,22-09-21
3393,10,25-08-18,
3394,10,24-05-21,
3395,10,09-06-21,13-01-22
3396,10,05-04-21,29-11-21
3397,10,05-11-22,
3398,10,09-11-19,03-09-22
3399,10,05-06-22,01-06-23
3400,10,21-09-21,
3401,10,10-11-21,04-06-23
3402,10,03-03-21,12-04-22
3403,10,19-02-21,15-11-22
3404,10,25-04-19,11-11-22
3405,10,13-01-20,21-10-22
3406,10,25-03-20,26-04-23
3407,10,15-04-21,11-05-23
3408,10,15-12-22,25-04-23
3409,10,08-10-22,04-02-23
3410,10,18-12-18,
3411,10,06-10-22,
3412,10,28-12-19,
3413,10,25-11-19,
3414,10,03-06-22,
3415,10,09-09-22,16-03-23
3416,10,02-10-20,
3417,10,07-02-22,
3418,10,14-10-22,
3419,10,14-10-19,
3420,10,10-10-20,05-08-22
3421,10,09-05-22,08-09-22
3422,10,22-06-22,07-08-22
3423,10,28-12-20,
3424,10,09-12-20,04-08-22
3425,10,28-05-19,23-10-21
3426,10,27-04-22,
3427,10,20-09-19,
3428,10,11-02-23,
3429,10,10-12-18,
3430,13,21-06-21,
3431,6,29-06-19,
3432,5,17-01-20,
3433,3,06-04-22,03-07-23
3434,15,06-11-20,29-01-23
3435,19,18-08-18,
3436,19,21-01-22,29-06-23
3437,8,04-08-23,
3438,6,10-08-18,04-11-19
3439,4,25-05-22,27-11-22
3440,9,05-12-19,17-02-23
3441,13,28-04-19,
3442,10,09-07-19,16-06-22
3443,9,05-04-21,12-05-23
3444,9,28-11-21,04-02-22
3445,9,16-01-21,
3446,19,24-08-21,
3447,19,26-05-20,18-06-23
3448,19,01-10-19,06-11-20
3449,4,10-05-23,27-05-23
3450,4,01-09-20,04-12-22
3451,4,18-02-21,11-11-22
3452,8,08-11-22,
3453,10,13-10-22,
3454,9,11-09-22,
3455,9,29-06-21,05-07-22
3456,9,06-03-23,
3457,9,25-09-20,
3458,19,28-04-22,24-05-23
3459,19,18-04-21,21-06-22
3460,19,19-02-20,
3461,4,18-07-19,01-10-21
3462,4,13-09-18,17-09-21
3463,8,30-04-20,18-07-21
3464,10,03-12-18,09-09-22
3465,10,08-11-21,
3466,9,13-04-22,10-04-23
3467,9,06-05-20,
3468,9,09-09-19,
3469,19,29-07-20,05-01-23
3470,19,14-11-18,28-10-19
3471,19,29-02-20,
3472,19,15-01-23,
3473,4,29-06-23,
3474,4,09-03-20,
3475,8,21-09-21,13-04-23
3476,10,12-06-23,06-07-23
3477,9,07-04-19,
3478,9,17-09-18,09-01-19
3479,19,02-08-22,02-04-23
3480,19,08-09-22,16-10-22
3481,19,07-03-19,31-05-21
3482,19,29-10-19,07-02-21
3483,4,26-09-21,
3484,4,29-08-18,
3485,4,26-10-21,
3486,8,31-10-22,08-06-23
3487,9,15-03-23,
3488,9,09-09-22,
3489,19,04-03-22,
3490,19,11-02-19,
3491,19,26-01-21,
3492,4,26-11-19,
3493,4,15-07-19,
3494,4,18-06-20,
3495,8,22-06-23,22-07-23
3496,3,02-12-21,
3497,15,08-12-21,
3498,9,26-04-23,22-06-23
3499,9,25-09-18,20-12-21
3500,19,20-11-18,21-06-20
3501,19,30-08-20,30-08-22
3502,19,01-10-19,
3503,4,20-01-22,
3504,4,10-10-21,
3505,8,29-08-20,
3506,8,27-08-19,10-05-23
3507,3,25-02-21,07-04-23
3508,15,13-07-21,
3509,9,14-04-21,
3510,9,10-02-20,
3511,9,17-08-21,31-12-21
3512,19,17-04-23,22-06-23
3513,19,02-09-22,24-05-23
3514,19,15-04-20,
3515,4,09-03-22,10-12-22
3516,4,07-04-22,22-01-23
3517,8,19-02-20,
3518,3,10-04-21,04-07-22
3519,3,19-12-21,02-03-22
3520,13,13-12-20,13-01-23
3521,9,26-02-19,
3522,9,02-03-20,
3523,9,25-06-21,25-08-22
3524,19,26-07-21,04-05-22
3525,19,03-07-22,10-01-23
3526,19,15-09-22,
3527,4,01-05-20,25-02-21
3528,4,13-10-22,
3529,8,03-01-20,24-08-20
3530,3,13-11-19,
3531,3,17-06-23,
3532,15,14-10-21,
3533,13,01-06-21,16-07-23
3534,9,14-09-18,
3535,9,11-12-18,02-06-22
3536,6,06-08-22,
3537,19,28-05-22,24-02-23
3538,19,16-06-19,05-03-22
3539,4,08-12-19,
3540,4,12-03-20,09-10-22
3541,8,06-04-20,24-07-23
3542,8,15-04-23,
3543,3,10-11-20,
3544,3,29-06-23,09-07-23
3545,15,07-03-22,
3546,13,31-07-21,27-01-23
3547,9,20-01-22,
3548,9,11-07-21,10-10-22
3549,6,15-10-18,18-10-20
3550,19,26-11-21,14-10-22
3551,19,11-08-18,
3552,4,16-02-20,03-06-20
3553,4,20-01-20,
3554,8,31-03-19,
3555,8,06-01-23,07-05-23
3556,3,18-07-19,15-01-20
3557,10,13-02-19,
3558,10,30-12-18,
3559,10,06-11-19,06-09-20
3560,10,01-06-22,
3561,10,28-03-23,
3562,10,21-05-19,05-01-23
3563,10,01-01-19,
3564,10,26-01-19,02-12-20
3565,10,11-09-21,
3566,10,26-09-21,
3567,10,04-03-23,
3568,10,11-07-23,29-07-23
3569,10,09-02-19,28-08-20
3570,10,19-04-19,26-10-21
3571,10,07-07-22,17-07-23
3572,10,12-03-19,19-05-20
3573,10,09-03-20,17-10-21
3574,10,18-05-21,04-01-22
3575,10,28-04-21,18-01-22
3576,10,21-07-21,26-04-23
3577,10,15-09-19,
3578,10,04-05-19,
3579,10,20-05-21,
3580,10,16-12-19,
3581,10,20-11-20,01-05-23
3582,10,19-08-20,04-05-22
3583,10,28-04-21,18-04-22
3584,10,14-08-20,
3585,10,22-12-21,
3586,10,01-02-19,10-02-19
3587,10,10-05-21,17-12-21
3588,10,25-06-19,15-08-19
3589,10,25-04-19,
3590,10,25-02-21,13-10-22
3591,10,23-11-21,29-05-23
3592,10,05-10-21,18-06-22
3593,10,30-05-20,
3594,10,11-12-18,
3595,10,22-09-20,14-09-22
3596,10,28-07-19,
3597,10,06-06-20,14-04-21
3598,10,28-09-18,05-08-23
3599,10,12-04-20,
3600,10,01-11-22,
3601,10,21-11-22,
3602,10,11-04-21,24-05-23
3603,10,29-11-18,21-02-19
3604,10,16-01-19,31-08-22
3605,10,18-09-19,
3606,10,01-08-19,20-01-23
3607,10,18-06-19,14-04-21
3608,10,13-02-19,
3609,10,02-06-21,
3610,10,11-10-18,
3611,10,09-03-21,
3612,10,23-01-22,
3613,10,24-02-19,
3614,10,08-01-20,02-07-21
3615,10,13-05-21,22-09-22
3616,10,12-02-22,
3617,10,01-02-23,
3618,10,04-02-23,
3619,10,23-03-23,01-05-23
3620,10,22-03-23,14-07-23
3621,10,28-11-18,
3622,10,09-07-20,10-07-21
3623,10,11-02-19,
3624,10,09-01-20,
3625,10,11-11-21,31-07-22
3626,10,15-05-21,
3627,10,21-08-19,28-10-22
3628,10,18-09-20,
3629,10,27-08-22,03-12-22
3630,10,23-02-19,
3631,10,08-08-22,25-10-22
3632,10,24-09-22,24-10-22
3633,10,21-03-22,
3634,10,23-06-23,26-07-23
3635,10,26-10-20,
3636,10,29-01-20,
3637,10,23-04-22,
3638,10,15-06-23,
3639,10,19-09-19,14-04-20
3640,10,07-01-23,
3641,10,07-02-20,01-05-21
3642,10,29-04-20,12-11-21
3643,10,16-04-20,
3644,10,16-06-22,
3645,10,22-07-19,
3646,10,22-04-23,
3647,10,28-12-20,30-01-21
3648,10,23-02-22,
3649,10,13-08-22,
3650,10,03-10-19,28-02-22
3651,10,14-10-19,
3652,10,30-08-19,27-08-22
3653,10,04-02-21,30-07-23
3654,10,23-11-22,
3655,10,25-02-23,
3656,10,15-12-19,
3657,10,29-08-21,
3658,10,04-11-22,07-07-23
3659,10,02-10-19,13-10-19
3660,10,24-05-19,
3661,10,28-02-22,05-09-22
3662,10,13-06-23,
3663,10,07-10-19,22-01-22
3664,10,06-10-20,12-01-22
3665,10,22-11-19,
3666,10,29-04-22,21-01-23
3667,10,11-12-22,28-04-23
3668,10,06-08-23,06-08-23
3669,10,28-03-20,12-03-23
3670,10,11-08-22,27-03-23
3671,10,26-01-23,19-06-23
3672,10,14-01-19,
3673,10,11-06-22,10-01-23
3674,10,25-06-20,02-03-22
3675,10,08-06-20,29-12-22
3676,10,29-08-18,
3677,10,01-10-22,
3678,10,22-07-21,
3679,10,14-12-19,
3680,10,27-03-20,
3681,10,25-11-21,
3682,10,08-07-23,
3683,10,02-11-21,11-12-21
3684,10,01-12-19,25-12-22
3685,10,16-08-22,10-11-22
3686,10,25-04-21,12-12-22
3687,10,17-05-19,
3688,10,04-05-19,03-08-21
3689,10,16-07-21,
3690,10,04-08-20,27-02-21
3691,10,23-11-20,
3692,10,11-11-19,
3693,10,20-05-19,30-08-20
3694,10,05-11-19,16-04-22
3695,10,20-09-18,04-02-21
3696,10,02-09-20,26-05-23
3697,10,28-06-20,
3698,10,22-03-23,30-05-23
3699,10,30-08-22,20-09-22
3700,10,24-10-19,
3701,10,09-11-19,
3702,10,13-07-19,
3703,10,31-08-20,26-06-22
3704,10,25-01-19,26-10-21
3705,10,21-11-20,09-04-23
3706,10,23-09-19,
3707,10,11-12-22,
3708,10,21-08-20,20-09-22
3709,10,04-02-19,17-04-23
3710,10,29-10-21,
3711,10,17-07-21,
3712,10,28-04-19,01-09-22
3713,10,21-07-20,
3714,10,19-01-20,
3715,10,12-09-21,
3716,10,31-07-22,18-02-23
3717,10,18-05-23,
3718,10,25-05-21,22-10-21
3719,10,22-07-22,
3720,10,23-05-19,12-09-20
3721,10,12-02-20,07-04-20
3722,10,16-02-20,09-01-22
3723,10,29-04-22,16-07-22
3724,10,10-10-19,30-10-21
3725,10,07-04-19,09-07-23
3726,10,13-07-20,18-09-21
3727,10,26-08-21,
3728,10,23-12-21,
3729,10,08-12-22,04-07-23
3730,10,18-01-22,
3731,10,28-02-20,14-12-22
3732,10,31-05-20,
3733,10,20-04-20,23-07-22
3734,10,07-03-19,
3735,10,29-05-19,
3736,10,18-10-20,22-03-23
3737,10,19-11-18,
3738,10,15-04-22,09-01-23
3739,10,24-08-18,22-03-21
3740,10,15-10-22,17-02-23
3741,10,27-02-23,28-03-23
3742,10,22-09-21,15-05-23
3743,10,30-05-20,
3744,10,11-09-20,
3745,10,31-05-19,06-10-20
3746,10,13-07-20,
3747,10,09-09-21,10-02-23
3748,10,06-04-19,
3749,10,16-02-21,
3750,10,17-02-20,
3751,10,15-10-21,
3752,10,06-07-22,
3753,10,05-03-19,10-12-20
3754,10,02-06-20,25-01-22
3755,10,26-11-20,17-02-23
3756,10,24-05-21,
3757,10,17-10-22,26-03-23
3758,10,16-11-22,24-06-23
3759,10,01-05-22,25-09-22
3760,10,24-08-21,
3761,10,22-06-23,10-07-23
3762,10,18-07-20,
3763,10,12-01-23,06-02-23
3764,10,16-02-22,
3765,10,02-09-22,
3766,10,02-02-19,03-02-23
3767,10,26-08-21,05-09-22
3768,10,31-12-20,
3769,10,12-12-20,
3770,10,13-01-22,11-04-23
3771,10,24-01-21,07-05-23
3772,10,08-02-22,22-07-22
3773,10,11-10-20,26-02-22
3774,10,20-06-19,13-10-21
3775,10,13-07-21,26-11-22
3776,10,14-10-21,30-10-21
3777,10,09-11-21,
3778,10,02-04-23,27-07-23
3779,10,19-10-22,03-05-23
3780,10,09-05-20,14-09-21
3781,10,18-08-19,05-05-22
3782,10,09-03-19,02-05-20
3783,10,09-05-20,
3784,10,14-08-22,
3785,10,18-01-22,
3786,10,22-06-21,26-07-22
3787,10,19-01-23,20-06-23
3788,10,17-05-23,13-06-23
3789,10,07-06-20,
3790,10,07-07-23,11-07-23
3791,10,28-03-20,
3792,10,23-05-19,10-05-22
3793,10,20-04-19,
3794,10,09-09-18,
3795,10,14-07-22,
3796,10,17-04-19,02-12-21
3797,10,15-05-20,
3798,10,04-04-20,04-07-23
3799,10,15-10-22,
3800,10,11-07-19,
3801,10,02-10-19,
3802,10,04-03-21,
3803,10,10-02-21,01-01-22
3804,10,15-05-19,
3805,10,28-04-22,
3806,10,23-09-21,01-07-23
3807,10,15-09-21,10-11-21
3808,10,27-04-19,20-03-20
3809,10,06-10-19,23-08-20
3810,5,16-02-20,
3811,5,14-05-22,21-10-22
3812,10,13-02-19,06-08-20
3813,10,24-08-22,
3814,10,07-01-19,05-09-20
3815,10,26-03-21,
3816,10,01-05-21,
3817,10,10-10-21,21-01-23
3818,10,02-01-20,03-04-22
3819,10,20-01-20,
3820,10,11-08-18,21-05-21
3821,10,18-12-21,
3822,10,24-09-19,04-04-22
3823,10,17-10-22,26-06-23
3824,10,07-01-20,
3825,10,05-11-22,
3826,10,26-04-23,03-06-23
3827,10,29-05-19,
3828,10,12-09-19,
3829,10,27-01-19,26-02-21
3830,5,20-08-19,
3831,5,14-09-18,
3832,10,02-08-21,29-09-22
3833,10,26-01-22,02-11-22
3834,10,10-05-19,05-08-21
3835,10,02-01-19,06-12-22
3836,10,13-08-21,
3837,10,02-10-22,13-11-22
3838,10,17-12-18,21-04-21
3839,10,11-10-21,
3840,10,01-04-23,18-05-23
3841,5,20-03-21,
3842,10,20-08-20,11-08-21
3843,10,16-07-23,30-07-23
3844,10,10-06-21,18-08-22
3845,10,25-08-19,
3846,10,04-05-20,15-05-23
3847,10,24-02-19,11-06-20
3848,10,24-09-19,
3849,10,13-02-21,
3850,10,05-01-20,25-04-22
3851,5,18-01-19,30-03-20
3852,5,01-03-19,25-09-21
3853,10,14-08-21,05-11-22
3854,10,06-06-19,05-09-19
3855,10,25-05-21,13-08-22
3856,10,17-03-23,12-06-23
3857,10,02-10-22,11-10-22
3858,10,22-01-22,
3859,10,29-11-19,18-08-22
3860,10,01-07-20,22-09-22
3861,10,24-03-22,
3862,5,13-05-19,06-06-23
3863,10,07-06-19,
3864,10,05-12-22,13-06-23
3865,10,29-09-20,22-10-21
3866,10,04-09-20,17-04-21
3867,10,26-08-18,
3868,10,17-08-19,
3869,10,25-09-19,07-02-20
3870,10,11-03-23,11-03-23
3871,10,15-12-22,
3872,10,10-08-18,08-02-21
3873,10,04-03-22,22-06-23
3874,5,02-06-20,
3875,5,29-06-21,
3876,10,24-10-21,
3877,10,22-10-18,07-04-20
3878,10,08-09-18,23-08-21
3879,10,08-02-19,24-02-23
3880,10,29-03-21,27-06-21
3881,10,19-06-19,
3882,10,30-01-19,
3883,10,06-05-22,26-09-22
3884,10,02-02-19,
3885,5,08-12-21,
3886,5,12-10-18,
3887,5,22-04-22,15-05-23
3888,10,05-09-21,08-07-22
3889,10,05-09-22,30-10-22
3890,10,19-07-22,25-04-23
3891,10,26-05-22,
3892,10,31-10-22,
3893,10,22-03-23,28-07-23
3894,10,29-05-23,
3895,10,23-02-20,08-09-21
3896,10,13-08-19,10-07-22
3897,5,25-03-19,13-09-21
3898,5,14-12-18,11-02-23
3899,5,07-03-21,31-08-21
3900,10,16-06-23,
3901,10,18-06-21,
3902,10,22-05-23,16-06-23
3903,10,14-05-19,
3904,10,27-12-20,
3905,10,04-08-20,04-02-22
3906,10,25-08-20,
3907,10,24-02-22,
3908,10,06-08-19,21-03-21
3909,10,01-08-21,24-09-21
3910,10,13-07-22,22-01-23
3911,5,28-05-21,
3912,5,06-07-20,18-01-21
3913,10,14-01-20,08-06-22
3914,10,04-02-20,29-01-21
3915,10,28-08-22,
3916,10,27-06-22,
3917,10,19-12-19,31-03-23
3918,10,24-09-20,27-03-23
3919,10,06-07-23,
3920,10,11-04-21,19-12-22
3921,10,12-02-20,15-07-22
3922,10,25-12-18,
3923,10,25-12-21,19-06-23
3924,5,22-05-21,
3925,10,03-05-20,14-11-22
3926,10,27-02-19,
3927,10,01-03-20,05-03-22
3928,10,27-01-21,18-10-21
3929,10,18-06-23,24-07-23
3930,10,24-11-19,
3931,10,24-09-21,
3932,10,17-08-22,
3933,10,18-04-23,
3934,10,15-04-20,13-05-22
3935,10,25-12-20,
3936,5,21-07-22,01-05-23
3937,10,04-11-22,
3938,10,20-04-20,
3939,19,05-09-19,
3940,10,11-08-19,
3941,10,04-11-18,
3942,10,04-11-18,22-12-21
3943,10,27-07-19,25-07-21
3944,10,21-12-20,
3945,10,25-07-22,
3946,10,15-06-19,
3947,10,04-04-20,22-06-22
3948,10,03-02-23,29-05-23
3949,10,20-09-22,04-07-23
3950,10,12-07-23,
3951,10,25-04-21,12-02-23
3952,10,13-03-21,
3953,10,16-08-21,
3954,10,18-10-21,
3955,10,16-02-20,16-03-23
3956,19,07-08-19,08-03-23
3957,19,03-01-22,
3958,19,22-09-20,
3959,19,11-11-22,14-07-23
3960,19,11-08-18,
3961,10,31-03-23,
3962,10,10-03-21,
3963,10,30-08-19,
3964,10,07-06-21,25-01-23
3965,10,22-04-20,
3966,10,19-10-18,04-09-21
3967,10,03-12-18,20-01-21
3968,10,20-02-21,
3969,10,17-01-21,
3970,10,04-10-20,27-04-23
3971,19,29-01-21,
3972,19,26-07-22,
3973,19,21-09-18,22-06-23
3974,19,25-12-18,10-07-19
3975,19,03-11-20,25-09-22
3976,10,22-10-21,
3977,10,27-08-18,
3978,10,12-07-20,
3979,10,25-01-21,11-06-22
3980,10,11-05-20,
3981,10,24-07-20,09-04-23
3982,10,09-08-22,
3983,10,12-06-22,
3984,19,10-02-22,08-06-22
3985,19,13-01-23,19-05-23
3986,19,10-03-20,
3987,19,25-02-22,19-07-22
3988,10,21-07-22,21-11-22
3989,10,11-07-22,
3990,10,02-12-19,26-12-19
3991,10,10-04-23,
3992,10,08-12-22,07-05-23
3993,10,22-06-22,
3994,10,22-09-22,
3995,10,15-07-19,01-06-21
3996,10,01-09-21,
3997,19,16-07-19,
3998,19,24-12-21,27-07-22
3999,19,17-04-19,17-08-21
4000,19,26-10-19,08-06-21
